,t,epsilon,samples,w,particle_id,distance,par_name,par_val,sumstat_name,sumstat_val
0,0,36.8790307417734,155,0.1,17441,21.222010301954615,erode__k_depth_scale,100.26109413141323,data,"[5.51015508e-04 0.00000000e+00 3.60398725e+02 9.56720253e+02
 1.52815204e+03 2.08207603e+03 2.46031755e+03 2.79420621e+03
 3.19013322e+03 3.59419869e+03 3.85016487e+03 3.89333263e+03
 3.73013880e+03 3.38507035e+03 3.03964247e+03 2.72605600e+03
 2.40592955e+03 2.12423326e+03 1.90697985e+03 1.75278551e+03
 1.72607804e+03 1.81207509e+03 1.94425152e+03 2.02522897e+03
 2.15958547e+03 2.30646314e+03 2.35889687e+03 2.38581881e+03
 2.35098858e+03 2.28114200e+03 2.18490973e+03 2.18200876e+03
 2.14415630e+03 2.15255772e+03 2.10437206e+03 2.06798531e+03
 2.02303383e+03 1.95124324e+03 1.86525131e+03 1.79488236e+03
 1.72694379e+03 1.61163284e+03 1.55999915e+03 1.51410579e+03
 1.47477304e+03 1.44494399e+03 1.40376287e+03 1.35432938e+03
 1.29098579e+03 1.21758793e+03 1.16851451e+03 1.14810159e+03
 1.07315475e+03 9.75501913e+02 8.68937460e+02 8.08439913e+02
 7.66106245e+02 8.07053834e+02 8.30814243e+02 8.03005308e+02
 7.44069029e+02 6.76006660e+02 6.33949305e+02 6.32182141e+02
 6.65021953e+02 6.76741145e+02 7.00066654e+02 6.73792059e+02
 6.53132718e+02 6.34749704e+02 5.13817151e+02 4.10482765e+02
 4.33362540e+02]"
1,0,36.8790307417734,155,0.1,17441,21.222010301954615,erode__k_factor,0.7415741186260888,data,"[5.51015508e-04 0.00000000e+00 3.60398725e+02 9.56720253e+02
 1.52815204e+03 2.08207603e+03 2.46031755e+03 2.79420621e+03
 3.19013322e+03 3.59419869e+03 3.85016487e+03 3.89333263e+03
 3.73013880e+03 3.38507035e+03 3.03964247e+03 2.72605600e+03
 2.40592955e+03 2.12423326e+03 1.90697985e+03 1.75278551e+03
 1.72607804e+03 1.81207509e+03 1.94425152e+03 2.02522897e+03
 2.15958547e+03 2.30646314e+03 2.35889687e+03 2.38581881e+03
 2.35098858e+03 2.28114200e+03 2.18490973e+03 2.18200876e+03
 2.14415630e+03 2.15255772e+03 2.10437206e+03 2.06798531e+03
 2.02303383e+03 1.95124324e+03 1.86525131e+03 1.79488236e+03
 1.72694379e+03 1.61163284e+03 1.55999915e+03 1.51410579e+03
 1.47477304e+03 1.44494399e+03 1.40376287e+03 1.35432938e+03
 1.29098579e+03 1.21758793e+03 1.16851451e+03 1.14810159e+03
 1.07315475e+03 9.75501913e+02 8.68937460e+02 8.08439913e+02
 7.66106245e+02 8.07053834e+02 8.30814243e+02 8.03005308e+02
 7.44069029e+02 6.76006660e+02 6.33949305e+02 6.32182141e+02
 6.65021953e+02 6.76741145e+02 7.00066654e+02 6.73792059e+02
 6.53132718e+02 6.34749704e+02 5.13817151e+02 4.10482765e+02
 4.33362540e+02]"
2,0,36.8790307417734,155,0.1,17441,21.222010301954615,erode__s_crit,0.030190993510941247,data,"[5.51015508e-04 0.00000000e+00 3.60398725e+02 9.56720253e+02
 1.52815204e+03 2.08207603e+03 2.46031755e+03 2.79420621e+03
 3.19013322e+03 3.59419869e+03 3.85016487e+03 3.89333263e+03
 3.73013880e+03 3.38507035e+03 3.03964247e+03 2.72605600e+03
 2.40592955e+03 2.12423326e+03 1.90697985e+03 1.75278551e+03
 1.72607804e+03 1.81207509e+03 1.94425152e+03 2.02522897e+03
 2.15958547e+03 2.30646314e+03 2.35889687e+03 2.38581881e+03
 2.35098858e+03 2.28114200e+03 2.18490973e+03 2.18200876e+03
 2.14415630e+03 2.15255772e+03 2.10437206e+03 2.06798531e+03
 2.02303383e+03 1.95124324e+03 1.86525131e+03 1.79488236e+03
 1.72694379e+03 1.61163284e+03 1.55999915e+03 1.51410579e+03
 1.47477304e+03 1.44494399e+03 1.40376287e+03 1.35432938e+03
 1.29098579e+03 1.21758793e+03 1.16851451e+03 1.14810159e+03
 1.07315475e+03 9.75501913e+02 8.68937460e+02 8.08439913e+02
 7.66106245e+02 8.07053834e+02 8.30814243e+02 8.03005308e+02
 7.44069029e+02 6.76006660e+02 6.33949305e+02 6.32182141e+02
 6.65021953e+02 6.76741145e+02 7.00066654e+02 6.73792059e+02
 6.53132718e+02 6.34749704e+02 5.13817151e+02 4.10482765e+02
 4.33362540e+02]"
3,0,36.8790307417734,155,0.1,17441,21.222010301954615,erode__travel_dist,277016.596198826,data,"[5.51015508e-04 0.00000000e+00 3.60398725e+02 9.56720253e+02
 1.52815204e+03 2.08207603e+03 2.46031755e+03 2.79420621e+03
 3.19013322e+03 3.59419869e+03 3.85016487e+03 3.89333263e+03
 3.73013880e+03 3.38507035e+03 3.03964247e+03 2.72605600e+03
 2.40592955e+03 2.12423326e+03 1.90697985e+03 1.75278551e+03
 1.72607804e+03 1.81207509e+03 1.94425152e+03 2.02522897e+03
 2.15958547e+03 2.30646314e+03 2.35889687e+03 2.38581881e+03
 2.35098858e+03 2.28114200e+03 2.18490973e+03 2.18200876e+03
 2.14415630e+03 2.15255772e+03 2.10437206e+03 2.06798531e+03
 2.02303383e+03 1.95124324e+03 1.86525131e+03 1.79488236e+03
 1.72694379e+03 1.61163284e+03 1.55999915e+03 1.51410579e+03
 1.47477304e+03 1.44494399e+03 1.40376287e+03 1.35432938e+03
 1.29098579e+03 1.21758793e+03 1.16851451e+03 1.14810159e+03
 1.07315475e+03 9.75501913e+02 8.68937460e+02 8.08439913e+02
 7.66106245e+02 8.07053834e+02 8.30814243e+02 8.03005308e+02
 7.44069029e+02 6.76006660e+02 6.33949305e+02 6.32182141e+02
 6.65021953e+02 6.76741145e+02 7.00066654e+02 6.73792059e+02
 6.53132718e+02 6.34749704e+02 5.13817151e+02 4.10482765e+02
 4.33362540e+02]"
4,0,36.8790307417734,155,0.1,17442,25.3295760318296,erode__k_depth_scale,32.654473164013766,data,"[  71.99448464  366.17503988  871.53056075 1495.16535121 2101.75234235
 2703.2976757  3149.00455167 3574.87282747 4051.01629259 4413.06461185
 4618.83420705 4616.5183482  4417.66098121 4082.69266452 3752.78481371
 3417.50664913 3047.15871322 2703.00309991 2419.54604671 2198.11740968
 2103.87543911 2123.06311449 2190.46848827 2209.70207228 2285.44335973
 2378.31203722 2382.94927709 2369.08491708 2301.70673856 2203.05462584
 2081.16740713 2053.08154664 1996.58179575 1986.87586356 1926.71241325
 1878.24322564 1821.58719214 1739.08879832 1643.33875094 1564.55515573
 1487.70148926 1364.8208148  1307.23454795 1256.90897758 1213.77349926
 1180.28158159 1135.93282708 1083.02791904 1015.77753353  938.89390767
  887.94722003  858.0649751   781.33696377  683.06058045  576.19504109
  520.10111842  485.6830599   516.2664773   544.85439875  518.79305724
  459.72378595  391.41832644  353.04114302  339.31441478  381.90194266
  402.71960379  434.68666846  412.98453314  398.68542172  380.4213849
  259.60602761  178.67316057  181.3660736 ]"
5,0,36.8790307417734,155,0.1,17442,25.3295760318296,erode__k_factor,0.05211990411367414,data,"[  71.99448464  366.17503988  871.53056075 1495.16535121 2101.75234235
 2703.2976757  3149.00455167 3574.87282747 4051.01629259 4413.06461185
 4618.83420705 4616.5183482  4417.66098121 4082.69266452 3752.78481371
 3417.50664913 3047.15871322 2703.00309991 2419.54604671 2198.11740968
 2103.87543911 2123.06311449 2190.46848827 2209.70207228 2285.44335973
 2378.31203722 2382.94927709 2369.08491708 2301.70673856 2203.05462584
 2081.16740713 2053.08154664 1996.58179575 1986.87586356 1926.71241325
 1878.24322564 1821.58719214 1739.08879832 1643.33875094 1564.55515573
 1487.70148926 1364.8208148  1307.23454795 1256.90897758 1213.77349926
 1180.28158159 1135.93282708 1083.02791904 1015.77753353  938.89390767
  887.94722003  858.0649751   781.33696377  683.06058045  576.19504109
  520.10111842  485.6830599   516.2664773   544.85439875  518.79305724
  459.72378595  391.41832644  353.04114302  339.31441478  381.90194266
  402.71960379  434.68666846  412.98453314  398.68542172  380.4213849
  259.60602761  178.67316057  181.3660736 ]"
6,0,36.8790307417734,155,0.1,17442,25.3295760318296,erode__s_crit,0.040912473127666674,data,"[  71.99448464  366.17503988  871.53056075 1495.16535121 2101.75234235
 2703.2976757  3149.00455167 3574.87282747 4051.01629259 4413.06461185
 4618.83420705 4616.5183482  4417.66098121 4082.69266452 3752.78481371
 3417.50664913 3047.15871322 2703.00309991 2419.54604671 2198.11740968
 2103.87543911 2123.06311449 2190.46848827 2209.70207228 2285.44335973
 2378.31203722 2382.94927709 2369.08491708 2301.70673856 2203.05462584
 2081.16740713 2053.08154664 1996.58179575 1986.87586356 1926.71241325
 1878.24322564 1821.58719214 1739.08879832 1643.33875094 1564.55515573
 1487.70148926 1364.8208148  1307.23454795 1256.90897758 1213.77349926
 1180.28158159 1135.93282708 1083.02791904 1015.77753353  938.89390767
  887.94722003  858.0649751   781.33696377  683.06058045  576.19504109
  520.10111842  485.6830599   516.2664773   544.85439875  518.79305724
  459.72378595  391.41832644  353.04114302  339.31441478  381.90194266
  402.71960379  434.68666846  412.98453314  398.68542172  380.4213849
  259.60602761  178.67316057  181.3660736 ]"
7,0,36.8790307417734,155,0.1,17442,25.3295760318296,erode__travel_dist,194651.7077277642,data,"[  71.99448464  366.17503988  871.53056075 1495.16535121 2101.75234235
 2703.2976757  3149.00455167 3574.87282747 4051.01629259 4413.06461185
 4618.83420705 4616.5183482  4417.66098121 4082.69266452 3752.78481371
 3417.50664913 3047.15871322 2703.00309991 2419.54604671 2198.11740968
 2103.87543911 2123.06311449 2190.46848827 2209.70207228 2285.44335973
 2378.31203722 2382.94927709 2369.08491708 2301.70673856 2203.05462584
 2081.16740713 2053.08154664 1996.58179575 1986.87586356 1926.71241325
 1878.24322564 1821.58719214 1739.08879832 1643.33875094 1564.55515573
 1487.70148926 1364.8208148  1307.23454795 1256.90897758 1213.77349926
 1180.28158159 1135.93282708 1083.02791904 1015.77753353  938.89390767
  887.94722003  858.0649751   781.33696377  683.06058045  576.19504109
  520.10111842  485.6830599   516.2664773   544.85439875  518.79305724
  459.72378595  391.41832644  353.04114302  339.31441478  381.90194266
  402.71960379  434.68666846  412.98453314  398.68542172  380.4213849
  259.60602761  178.67316057  181.3660736 ]"
8,0,36.8790307417734,155,0.1,17443,24.432104202918133,erode__k_depth_scale,112.86836272033385,data,"[3.58973932e-02 2.11958226e+01 5.10748273e+02 1.11664363e+03
 1.70347225e+03 2.28308799e+03 2.70505088e+03 3.10752065e+03
 3.57675996e+03 4.01386408e+03 4.23792113e+03 4.23512074e+03
 4.05735689e+03 3.78179616e+03 3.55577872e+03 3.37075756e+03
 3.18410518e+03 2.99985777e+03 2.79178585e+03 2.55825314e+03
 2.40070760e+03 2.33637732e+03 2.31618062e+03 2.25198045e+03
 2.24655831e+03 2.27676699e+03 2.25600630e+03 2.24942680e+03
 2.20027467e+03 2.12305531e+03 2.03101085e+03 2.01894974e+03
 1.98063448e+03 1.98006359e+03 1.92994624e+03 1.88916184e+03
 1.83968330e+03 1.76430637e+03 1.67651243e+03 1.60357814e+03
 1.53232858e+03 1.41727332e+03 1.36562073e+03 1.31968543e+03
 1.28152477e+03 1.25171000e+03 1.20994381e+03 1.15985175e+03
 1.09589078e+03 1.02219260e+03 9.73772603e+02 9.50117231e+02
 8.75176490e+02 7.77452594e+02 6.71101040e+02 6.17882067e+02
 5.90214024e+02 6.16200732e+02 6.42635475e+02 6.16158160e+02
 5.57588518e+02 4.90456356e+02 4.55233539e+02 4.46735753e+02
 4.85700638e+02 5.03147462e+02 5.31218527e+02 5.07710288e+02
 4.92009292e+02 4.74016276e+02 3.53251173e+02 2.78646782e+02
 2.73022404e+02]"
9,0,36.8790307417734,155,0.1,17443,24.432104202918133,erode__k_factor,0.17526723433903957,data,"[3.58973932e-02 2.11958226e+01 5.10748273e+02 1.11664363e+03
 1.70347225e+03 2.28308799e+03 2.70505088e+03 3.10752065e+03
 3.57675996e+03 4.01386408e+03 4.23792113e+03 4.23512074e+03
 4.05735689e+03 3.78179616e+03 3.55577872e+03 3.37075756e+03
 3.18410518e+03 2.99985777e+03 2.79178585e+03 2.55825314e+03
 2.40070760e+03 2.33637732e+03 2.31618062e+03 2.25198045e+03
 2.24655831e+03 2.27676699e+03 2.25600630e+03 2.24942680e+03
 2.20027467e+03 2.12305531e+03 2.03101085e+03 2.01894974e+03
 1.98063448e+03 1.98006359e+03 1.92994624e+03 1.88916184e+03
 1.83968330e+03 1.76430637e+03 1.67651243e+03 1.60357814e+03
 1.53232858e+03 1.41727332e+03 1.36562073e+03 1.31968543e+03
 1.28152477e+03 1.25171000e+03 1.20994381e+03 1.15985175e+03
 1.09589078e+03 1.02219260e+03 9.73772603e+02 9.50117231e+02
 8.75176490e+02 7.77452594e+02 6.71101040e+02 6.17882067e+02
 5.90214024e+02 6.16200732e+02 6.42635475e+02 6.16158160e+02
 5.57588518e+02 4.90456356e+02 4.55233539e+02 4.46735753e+02
 4.85700638e+02 5.03147462e+02 5.31218527e+02 5.07710288e+02
 4.92009292e+02 4.74016276e+02 3.53251173e+02 2.78646782e+02
 2.73022404e+02]"
10,0,36.8790307417734,155,0.1,17443,24.432104202918133,erode__s_crit,0.07358012468997915,data,"[3.58973932e-02 2.11958226e+01 5.10748273e+02 1.11664363e+03
 1.70347225e+03 2.28308799e+03 2.70505088e+03 3.10752065e+03
 3.57675996e+03 4.01386408e+03 4.23792113e+03 4.23512074e+03
 4.05735689e+03 3.78179616e+03 3.55577872e+03 3.37075756e+03
 3.18410518e+03 2.99985777e+03 2.79178585e+03 2.55825314e+03
 2.40070760e+03 2.33637732e+03 2.31618062e+03 2.25198045e+03
 2.24655831e+03 2.27676699e+03 2.25600630e+03 2.24942680e+03
 2.20027467e+03 2.12305531e+03 2.03101085e+03 2.01894974e+03
 1.98063448e+03 1.98006359e+03 1.92994624e+03 1.88916184e+03
 1.83968330e+03 1.76430637e+03 1.67651243e+03 1.60357814e+03
 1.53232858e+03 1.41727332e+03 1.36562073e+03 1.31968543e+03
 1.28152477e+03 1.25171000e+03 1.20994381e+03 1.15985175e+03
 1.09589078e+03 1.02219260e+03 9.73772603e+02 9.50117231e+02
 8.75176490e+02 7.77452594e+02 6.71101040e+02 6.17882067e+02
 5.90214024e+02 6.16200732e+02 6.42635475e+02 6.16158160e+02
 5.57588518e+02 4.90456356e+02 4.55233539e+02 4.46735753e+02
 4.85700638e+02 5.03147462e+02 5.31218527e+02 5.07710288e+02
 4.92009292e+02 4.74016276e+02 3.53251173e+02 2.78646782e+02
 2.73022404e+02]"
11,0,36.8790307417734,155,0.1,17443,24.432104202918133,erode__travel_dist,235056.97748990342,data,"[3.58973932e-02 2.11958226e+01 5.10748273e+02 1.11664363e+03
 1.70347225e+03 2.28308799e+03 2.70505088e+03 3.10752065e+03
 3.57675996e+03 4.01386408e+03 4.23792113e+03 4.23512074e+03
 4.05735689e+03 3.78179616e+03 3.55577872e+03 3.37075756e+03
 3.18410518e+03 2.99985777e+03 2.79178585e+03 2.55825314e+03
 2.40070760e+03 2.33637732e+03 2.31618062e+03 2.25198045e+03
 2.24655831e+03 2.27676699e+03 2.25600630e+03 2.24942680e+03
 2.20027467e+03 2.12305531e+03 2.03101085e+03 2.01894974e+03
 1.98063448e+03 1.98006359e+03 1.92994624e+03 1.88916184e+03
 1.83968330e+03 1.76430637e+03 1.67651243e+03 1.60357814e+03
 1.53232858e+03 1.41727332e+03 1.36562073e+03 1.31968543e+03
 1.28152477e+03 1.25171000e+03 1.20994381e+03 1.15985175e+03
 1.09589078e+03 1.02219260e+03 9.73772603e+02 9.50117231e+02
 8.75176490e+02 7.77452594e+02 6.71101040e+02 6.17882067e+02
 5.90214024e+02 6.16200732e+02 6.42635475e+02 6.16158160e+02
 5.57588518e+02 4.90456356e+02 4.55233539e+02 4.46735753e+02
 4.85700638e+02 5.03147462e+02 5.31218527e+02 5.07710288e+02
 4.92009292e+02 4.74016276e+02 3.53251173e+02 2.78646782e+02
 2.73022404e+02]"
12,0,36.8790307417734,155,0.1,17444,32.213113385029835,erode__k_depth_scale,121.94976712269279,data,"[3.65777986e-02 5.67915104e+00 5.01530012e+02 1.11570648e+03
 1.71345353e+03 2.30779024e+03 2.75022949e+03 3.18287441e+03
 3.69899500e+03 4.21082543e+03 4.54221280e+03 4.62208801e+03
 4.46471001e+03 4.16047978e+03 3.90743224e+03 3.68641126e+03
 3.42361218e+03 3.12865732e+03 2.82835788e+03 2.56283434e+03
 2.41570719e+03 2.37945111e+03 2.39287842e+03 2.36246184e+03
 2.39274618e+03 2.44768884e+03 2.42544083e+03 2.39335518e+03
 2.31768510e+03 2.21514691e+03 2.09263886e+03 2.05704776e+03
 1.99687363e+03 1.98057985e+03 1.91805814e+03 1.86765349e+03
 1.80987646e+03 1.72619658e+03 1.63020717e+03 1.55023021e+03
 1.47197568e+03 1.34883307e+03 1.29123615e+03 1.24062057e+03
 1.19719039e+03 1.16372448e+03 1.11861059e+03 1.06535204e+03
 9.98008315e+02 9.21111837e+02 8.70284219e+02 8.39910404e+02
 7.61205406e+02 6.63011697e+02 5.56250918e+02 5.00982000e+02
 4.70575095e+02 4.97181785e+02 5.26148116e+02 5.00359238e+02
 4.41183534e+02 3.72592356e+02 3.36224255e+02 3.21329515e+02
 3.63639841e+02 3.85264891e+02 4.18126715e+02 3.96876632e+02
 3.82921710e+02 3.64791644e+02 2.43972408e+02 1.67866595e+02
 1.65718398e+02]"
13,0,36.8790307417734,155,0.1,17444,32.213113385029835,erode__k_factor,0.27498150254297765,data,"[3.65777986e-02 5.67915104e+00 5.01530012e+02 1.11570648e+03
 1.71345353e+03 2.30779024e+03 2.75022949e+03 3.18287441e+03
 3.69899500e+03 4.21082543e+03 4.54221280e+03 4.62208801e+03
 4.46471001e+03 4.16047978e+03 3.90743224e+03 3.68641126e+03
 3.42361218e+03 3.12865732e+03 2.82835788e+03 2.56283434e+03
 2.41570719e+03 2.37945111e+03 2.39287842e+03 2.36246184e+03
 2.39274618e+03 2.44768884e+03 2.42544083e+03 2.39335518e+03
 2.31768510e+03 2.21514691e+03 2.09263886e+03 2.05704776e+03
 1.99687363e+03 1.98057985e+03 1.91805814e+03 1.86765349e+03
 1.80987646e+03 1.72619658e+03 1.63020717e+03 1.55023021e+03
 1.47197568e+03 1.34883307e+03 1.29123615e+03 1.24062057e+03
 1.19719039e+03 1.16372448e+03 1.11861059e+03 1.06535204e+03
 9.98008315e+02 9.21111837e+02 8.70284219e+02 8.39910404e+02
 7.61205406e+02 6.63011697e+02 5.56250918e+02 5.00982000e+02
 4.70575095e+02 4.97181785e+02 5.26148116e+02 5.00359238e+02
 4.41183534e+02 3.72592356e+02 3.36224255e+02 3.21329515e+02
 3.63639841e+02 3.85264891e+02 4.18126715e+02 3.96876632e+02
 3.82921710e+02 3.64791644e+02 2.43972408e+02 1.67866595e+02
 1.65718398e+02]"
14,0,36.8790307417734,155,0.1,17444,32.213113385029835,erode__s_crit,0.05411422642696583,data,"[3.65777986e-02 5.67915104e+00 5.01530012e+02 1.11570648e+03
 1.71345353e+03 2.30779024e+03 2.75022949e+03 3.18287441e+03
 3.69899500e+03 4.21082543e+03 4.54221280e+03 4.62208801e+03
 4.46471001e+03 4.16047978e+03 3.90743224e+03 3.68641126e+03
 3.42361218e+03 3.12865732e+03 2.82835788e+03 2.56283434e+03
 2.41570719e+03 2.37945111e+03 2.39287842e+03 2.36246184e+03
 2.39274618e+03 2.44768884e+03 2.42544083e+03 2.39335518e+03
 2.31768510e+03 2.21514691e+03 2.09263886e+03 2.05704776e+03
 1.99687363e+03 1.98057985e+03 1.91805814e+03 1.86765349e+03
 1.80987646e+03 1.72619658e+03 1.63020717e+03 1.55023021e+03
 1.47197568e+03 1.34883307e+03 1.29123615e+03 1.24062057e+03
 1.19719039e+03 1.16372448e+03 1.11861059e+03 1.06535204e+03
 9.98008315e+02 9.21111837e+02 8.70284219e+02 8.39910404e+02
 7.61205406e+02 6.63011697e+02 5.56250918e+02 5.00982000e+02
 4.70575095e+02 4.97181785e+02 5.26148116e+02 5.00359238e+02
 4.41183534e+02 3.72592356e+02 3.36224255e+02 3.21329515e+02
 3.63639841e+02 3.85264891e+02 4.18126715e+02 3.96876632e+02
 3.82921710e+02 3.64791644e+02 2.43972408e+02 1.67866595e+02
 1.65718398e+02]"
15,0,36.8790307417734,155,0.1,17444,32.213113385029835,erode__travel_dist,189805.4400453681,data,"[3.65777986e-02 5.67915104e+00 5.01530012e+02 1.11570648e+03
 1.71345353e+03 2.30779024e+03 2.75022949e+03 3.18287441e+03
 3.69899500e+03 4.21082543e+03 4.54221280e+03 4.62208801e+03
 4.46471001e+03 4.16047978e+03 3.90743224e+03 3.68641126e+03
 3.42361218e+03 3.12865732e+03 2.82835788e+03 2.56283434e+03
 2.41570719e+03 2.37945111e+03 2.39287842e+03 2.36246184e+03
 2.39274618e+03 2.44768884e+03 2.42544083e+03 2.39335518e+03
 2.31768510e+03 2.21514691e+03 2.09263886e+03 2.05704776e+03
 1.99687363e+03 1.98057985e+03 1.91805814e+03 1.86765349e+03
 1.80987646e+03 1.72619658e+03 1.63020717e+03 1.55023021e+03
 1.47197568e+03 1.34883307e+03 1.29123615e+03 1.24062057e+03
 1.19719039e+03 1.16372448e+03 1.11861059e+03 1.06535204e+03
 9.98008315e+02 9.21111837e+02 8.70284219e+02 8.39910404e+02
 7.61205406e+02 6.63011697e+02 5.56250918e+02 5.00982000e+02
 4.70575095e+02 4.97181785e+02 5.26148116e+02 5.00359238e+02
 4.41183534e+02 3.72592356e+02 3.36224255e+02 3.21329515e+02
 3.63639841e+02 3.85264891e+02 4.18126715e+02 3.96876632e+02
 3.82921710e+02 3.64791644e+02 2.43972408e+02 1.67866595e+02
 1.65718398e+02]"
16,0,36.8790307417734,155,0.1,17445,29.782000723872837,erode__k_depth_scale,79.09880111805226,data,"[   0.            3.93716362  469.22942669 1034.95160706 1563.82409711
 2076.46531586 2433.82437127 2781.98700504 3215.28671812 3646.03151464
 3897.89971926 3900.15396924 3668.53136676 3296.65082223 2988.34521563
 2734.18511054 2480.88237169 2272.11014324 2133.76023914 2063.23452271
 2122.14955845 2289.53295632 2492.94873452 2631.87776625 2811.63749282
 2984.85804096 3039.0959708  3049.57299556 2980.46730646 2867.89306282
 2734.57130893 2713.15814586 2652.69399055 2641.98218226 2562.11647558
 2495.60737044 2415.38152726 2298.63535068 2164.19797652 2050.32860402
 1936.7535895  1760.51192185 1673.22862185 1595.44238344 1528.66594041
 1475.39954585 1408.37601759 1331.09172598 1235.60680874 1127.42448898
 1054.87715107 1012.8890772   906.98422417  774.55115089  622.30434632
  526.62910871  478.63760668  537.72375344  562.86248177  527.13632692
  453.09014708  357.71339055  290.12634763  282.84536046  314.8651644
  334.42074687  367.33962181  343.616747    323.82698597  302.48574853
  178.11295882   64.4297539   106.27029908]"
17,0,36.8790307417734,155,0.1,17445,29.782000723872837,erode__k_factor,0.7412968144361496,data,"[   0.            3.93716362  469.22942669 1034.95160706 1563.82409711
 2076.46531586 2433.82437127 2781.98700504 3215.28671812 3646.03151464
 3897.89971926 3900.15396924 3668.53136676 3296.65082223 2988.34521563
 2734.18511054 2480.88237169 2272.11014324 2133.76023914 2063.23452271
 2122.14955845 2289.53295632 2492.94873452 2631.87776625 2811.63749282
 2984.85804096 3039.0959708  3049.57299556 2980.46730646 2867.89306282
 2734.57130893 2713.15814586 2652.69399055 2641.98218226 2562.11647558
 2495.60737044 2415.38152726 2298.63535068 2164.19797652 2050.32860402
 1936.7535895  1760.51192185 1673.22862185 1595.44238344 1528.66594041
 1475.39954585 1408.37601759 1331.09172598 1235.60680874 1127.42448898
 1054.87715107 1012.8890772   906.98422417  774.55115089  622.30434632
  526.62910871  478.63760668  537.72375344  562.86248177  527.13632692
  453.09014708  357.71339055  290.12634763  282.84536046  314.8651644
  334.42074687  367.33962181  343.616747    323.82698597  302.48574853
  178.11295882   64.4297539   106.27029908]"
18,0,36.8790307417734,155,0.1,17445,29.782000723872837,erode__s_crit,0.012533216772058122,data,"[   0.            3.93716362  469.22942669 1034.95160706 1563.82409711
 2076.46531586 2433.82437127 2781.98700504 3215.28671812 3646.03151464
 3897.89971926 3900.15396924 3668.53136676 3296.65082223 2988.34521563
 2734.18511054 2480.88237169 2272.11014324 2133.76023914 2063.23452271
 2122.14955845 2289.53295632 2492.94873452 2631.87776625 2811.63749282
 2984.85804096 3039.0959708  3049.57299556 2980.46730646 2867.89306282
 2734.57130893 2713.15814586 2652.69399055 2641.98218226 2562.11647558
 2495.60737044 2415.38152726 2298.63535068 2164.19797652 2050.32860402
 1936.7535895  1760.51192185 1673.22862185 1595.44238344 1528.66594041
 1475.39954585 1408.37601759 1331.09172598 1235.60680874 1127.42448898
 1054.87715107 1012.8890772   906.98422417  774.55115089  622.30434632
  526.62910871  478.63760668  537.72375344  562.86248177  527.13632692
  453.09014708  357.71339055  290.12634763  282.84536046  314.8651644
  334.42074687  367.33962181  343.616747    323.82698597  302.48574853
  178.11295882   64.4297539   106.27029908]"
19,0,36.8790307417734,155,0.1,17445,29.782000723872837,erode__travel_dist,118726.32907318117,data,"[   0.            3.93716362  469.22942669 1034.95160706 1563.82409711
 2076.46531586 2433.82437127 2781.98700504 3215.28671812 3646.03151464
 3897.89971926 3900.15396924 3668.53136676 3296.65082223 2988.34521563
 2734.18511054 2480.88237169 2272.11014324 2133.76023914 2063.23452271
 2122.14955845 2289.53295632 2492.94873452 2631.87776625 2811.63749282
 2984.85804096 3039.0959708  3049.57299556 2980.46730646 2867.89306282
 2734.57130893 2713.15814586 2652.69399055 2641.98218226 2562.11647558
 2495.60737044 2415.38152726 2298.63535068 2164.19797652 2050.32860402
 1936.7535895  1760.51192185 1673.22862185 1595.44238344 1528.66594041
 1475.39954585 1408.37601759 1331.09172598 1235.60680874 1127.42448898
 1054.87715107 1012.8890772   906.98422417  774.55115089  622.30434632
  526.62910871  478.63760668  537.72375344  562.86248177  527.13632692
  453.09014708  357.71339055  290.12634763  282.84536046  314.8651644
  334.42074687  367.33962181  343.616747    323.82698597  302.48574853
  178.11295882   64.4297539   106.27029908]"
20,0,36.8790307417734,155,0.1,17446,20.94103704031619,erode__k_depth_scale,11.486565375939941,data,"[  60.04592033  357.73429961  867.2061306  1495.79199106 2108.54305518
 2718.16317385 3175.29360345 3619.48728356 4130.70305396 4492.33341073
 4669.71037051 4600.12738052 4296.06707857 3849.10945392 3462.27150522
 3126.67925291 2788.29629333 2489.43841573 2256.23353715 2087.8201044
 2048.64305084 2122.00937326 2239.2007545  2301.84284836 2415.79741506
 2538.02227017 2558.75822756 2549.56942566 2472.68274016 2355.82554612
 2214.57145437 2179.16607971 2111.41877811 2096.3303472  2024.67079599
 1968.93593953 1906.68322072 1816.93105223 1713.34193238 1627.56870737
 1545.69365057 1413.15364579 1349.46398388 1293.28804118 1244.8991501
 1207.43135922 1158.57865714 1101.47783654 1030.35493473  949.34002974
  894.99661713  863.03374175  779.14638325  680.24480654  572.57419549
  510.90190908  468.83381396  504.36580827  532.59605345  505.55928792
  444.97793976  374.79801368  332.26246368  319.69715316  358.65452084
  379.56982447  412.27111086  390.61813307  375.83615178  357.2770689
  236.32048381  148.74385897  158.31422485]"
21,0,36.8790307417734,155,0.1,17446,20.94103704031619,erode__k_factor,0.7316450350806517,data,"[  60.04592033  357.73429961  867.2061306  1495.79199106 2108.54305518
 2718.16317385 3175.29360345 3619.48728356 4130.70305396 4492.33341073
 4669.71037051 4600.12738052 4296.06707857 3849.10945392 3462.27150522
 3126.67925291 2788.29629333 2489.43841573 2256.23353715 2087.8201044
 2048.64305084 2122.00937326 2239.2007545  2301.84284836 2415.79741506
 2538.02227017 2558.75822756 2549.56942566 2472.68274016 2355.82554612
 2214.57145437 2179.16607971 2111.41877811 2096.3303472  2024.67079599
 1968.93593953 1906.68322072 1816.93105223 1713.34193238 1627.56870737
 1545.69365057 1413.15364579 1349.46398388 1293.28804118 1244.8991501
 1207.43135922 1158.57865714 1101.47783654 1030.35493473  949.34002974
  894.99661713  863.03374175  779.14638325  680.24480654  572.57419549
  510.90190908  468.83381396  504.36580827  532.59605345  505.55928792
  444.97793976  374.79801368  332.26246368  319.69715316  358.65452084
  379.56982447  412.27111086  390.61813307  375.83615178  357.2770689
  236.32048381  148.74385897  158.31422485]"
22,0,36.8790307417734,155,0.1,17446,20.94103704031619,erode__s_crit,0.030022148831380144,data,"[  60.04592033  357.73429961  867.2061306  1495.79199106 2108.54305518
 2718.16317385 3175.29360345 3619.48728356 4130.70305396 4492.33341073
 4669.71037051 4600.12738052 4296.06707857 3849.10945392 3462.27150522
 3126.67925291 2788.29629333 2489.43841573 2256.23353715 2087.8201044
 2048.64305084 2122.00937326 2239.2007545  2301.84284836 2415.79741506
 2538.02227017 2558.75822756 2549.56942566 2472.68274016 2355.82554612
 2214.57145437 2179.16607971 2111.41877811 2096.3303472  2024.67079599
 1968.93593953 1906.68322072 1816.93105223 1713.34193238 1627.56870737
 1545.69365057 1413.15364579 1349.46398388 1293.28804118 1244.8991501
 1207.43135922 1158.57865714 1101.47783654 1030.35493473  949.34002974
  894.99661713  863.03374175  779.14638325  680.24480654  572.57419549
  510.90190908  468.83381396  504.36580827  532.59605345  505.55928792
  444.97793976  374.79801368  332.26246368  319.69715316  358.65452084
  379.56982447  412.27111086  390.61813307  375.83615178  357.2770689
  236.32048381  148.74385897  158.31422485]"
23,0,36.8790307417734,155,0.1,17446,20.94103704031619,erode__travel_dist,176909.88540407416,data,"[  60.04592033  357.73429961  867.2061306  1495.79199106 2108.54305518
 2718.16317385 3175.29360345 3619.48728356 4130.70305396 4492.33341073
 4669.71037051 4600.12738052 4296.06707857 3849.10945392 3462.27150522
 3126.67925291 2788.29629333 2489.43841573 2256.23353715 2087.8201044
 2048.64305084 2122.00937326 2239.2007545  2301.84284836 2415.79741506
 2538.02227017 2558.75822756 2549.56942566 2472.68274016 2355.82554612
 2214.57145437 2179.16607971 2111.41877811 2096.3303472  2024.67079599
 1968.93593953 1906.68322072 1816.93105223 1713.34193238 1627.56870737
 1545.69365057 1413.15364579 1349.46398388 1293.28804118 1244.8991501
 1207.43135922 1158.57865714 1101.47783654 1030.35493473  949.34002974
  894.99661713  863.03374175  779.14638325  680.24480654  572.57419549
  510.90190908  468.83381396  504.36580827  532.59605345  505.55928792
  444.97793976  374.79801368  332.26246368  319.69715316  358.65452084
  379.56982447  412.27111086  390.61813307  375.83615178  357.2770689
  236.32048381  148.74385897  158.31422485]"
24,0,36.8790307417734,155,0.1,17447,15.116644867225064,erode__k_depth_scale,65.59071097227168,data,"[   0.           95.79694357  586.79411442 1190.64800018 1767.5337598
 2318.19688517 2665.05627418 2947.50509854 3319.297562   3713.72240251
 3963.34785317 4000.66267887 3831.55894794 3484.28850404 3134.36403727
 2814.00058177 2486.18251994 2196.58004054 1971.46219859 1809.50619614
 1775.15134726 1853.62790109 1978.45301815 2052.31178393 2179.89682219
 2320.46486868 2367.17064352 2389.23923151 2350.39379138 2276.45557233
 2176.45141678 2170.3377332  2129.91666872 2135.74668059 2085.32223476
 2046.7774045  1999.78959151 1925.64302152 1837.68786828 1765.59564203
 1695.61207797 1578.46442758 1525.30474655 1478.07424869 1437.65910318
 1407.03745616 1364.94348613 1314.53373261 1250.03715188 1175.23126492
 1125.42021124 1102.99000483 1027.90767501  930.13129255  823.47328361
  763.17395     721.02130894  760.11912161  783.88413559  755.46219434
  696.56467191  628.21853563  586.32559956  583.14216172  616.65468748
  628.87775984  652.7474167   626.78905366  607.24269659  588.86104587
  467.97391968  367.71659032  386.99429351]"
25,0,36.8790307417734,155,0.1,17447,15.116644867225064,erode__k_factor,0.5755817107037906,data,"[   0.           95.79694357  586.79411442 1190.64800018 1767.5337598
 2318.19688517 2665.05627418 2947.50509854 3319.297562   3713.72240251
 3963.34785317 4000.66267887 3831.55894794 3484.28850404 3134.36403727
 2814.00058177 2486.18251994 2196.58004054 1971.46219859 1809.50619614
 1775.15134726 1853.62790109 1978.45301815 2052.31178393 2179.89682219
 2320.46486868 2367.17064352 2389.23923151 2350.39379138 2276.45557233
 2176.45141678 2170.3377332  2129.91666872 2135.74668059 2085.32223476
 2046.7774045  1999.78959151 1925.64302152 1837.68786828 1765.59564203
 1695.61207797 1578.46442758 1525.30474655 1478.07424869 1437.65910318
 1407.03745616 1364.94348613 1314.53373261 1250.03715188 1175.23126492
 1125.42021124 1102.99000483 1027.90767501  930.13129255  823.47328361
  763.17395     721.02130894  760.11912161  783.88413559  755.46219434
  696.56467191  628.21853563  586.32559956  583.14216172  616.65468748
  628.87775984  652.7474167   626.78905366  607.24269659  588.86104587
  467.97391968  367.71659032  386.99429351]"
26,0,36.8790307417734,155,0.1,17447,15.116644867225064,erode__s_crit,0.031211793575130216,data,"[   0.           95.79694357  586.79411442 1190.64800018 1767.5337598
 2318.19688517 2665.05627418 2947.50509854 3319.297562   3713.72240251
 3963.34785317 4000.66267887 3831.55894794 3484.28850404 3134.36403727
 2814.00058177 2486.18251994 2196.58004054 1971.46219859 1809.50619614
 1775.15134726 1853.62790109 1978.45301815 2052.31178393 2179.89682219
 2320.46486868 2367.17064352 2389.23923151 2350.39379138 2276.45557233
 2176.45141678 2170.3377332  2129.91666872 2135.74668059 2085.32223476
 2046.7774045  1999.78959151 1925.64302152 1837.68786828 1765.59564203
 1695.61207797 1578.46442758 1525.30474655 1478.07424869 1437.65910318
 1407.03745616 1364.94348613 1314.53373261 1250.03715188 1175.23126492
 1125.42021124 1102.99000483 1027.90767501  930.13129255  823.47328361
  763.17395     721.02130894  760.11912161  783.88413559  755.46219434
  696.56467191  628.21853563  586.32559956  583.14216172  616.65468748
  628.87775984  652.7474167   626.78905366  607.24269659  588.86104587
  467.97391968  367.71659032  386.99429351]"
27,0,36.8790307417734,155,0.1,17447,15.116644867225064,erode__travel_dist,259614.23427896528,data,"[   0.           95.79694357  586.79411442 1190.64800018 1767.5337598
 2318.19688517 2665.05627418 2947.50509854 3319.297562   3713.72240251
 3963.34785317 4000.66267887 3831.55894794 3484.28850404 3134.36403727
 2814.00058177 2486.18251994 2196.58004054 1971.46219859 1809.50619614
 1775.15134726 1853.62790109 1978.45301815 2052.31178393 2179.89682219
 2320.46486868 2367.17064352 2389.23923151 2350.39379138 2276.45557233
 2176.45141678 2170.3377332  2129.91666872 2135.74668059 2085.32223476
 2046.7774045  1999.78959151 1925.64302152 1837.68786828 1765.59564203
 1695.61207797 1578.46442758 1525.30474655 1478.07424869 1437.65910318
 1407.03745616 1364.94348613 1314.53373261 1250.03715188 1175.23126492
 1125.42021124 1102.99000483 1027.90767501  930.13129255  823.47328361
  763.17395     721.02130894  760.11912161  783.88413559  755.46219434
  696.56467191  628.21853563  586.32559956  583.14216172  616.65468748
  628.87775984  652.7474167   626.78905366  607.24269659  588.86104587
  467.97391968  367.71659032  386.99429351]"
28,0,36.8790307417734,155,0.1,17448,36.42519613871927,erode__k_depth_scale,113.42942470802653,data,"[   0.          116.96945845  614.70008348 1230.87586884 1830.72655046
 2427.24302334 2871.88465593 3306.72125138 3824.88979929 4338.35744977
 4670.65106052 4750.44473503 4591.78772009 4284.74053559 4026.24535623
 3793.7238432  3506.46262882 3177.80191703 2860.47160897 2589.80978907
 2440.92078279 2403.87450888 2416.4482356  2384.46923048 2412.60077225
 2464.06438888 2436.26709757 2397.77985664 2315.29283587 2205.03865382
 2073.77273574 2030.99789016 1962.26583913 1940.00296472 1871.43517321
 1817.77251917 1757.6774181  1672.47693553 1575.06519755 1493.89002377
 1415.08857068 1290.32259239 1232.3658911  1181.11957715 1137.98372493
 1104.57094611 1060.08806926 1006.69654845  939.28165     862.17452759
  811.53293306  782.07930115  702.80877103  604.52411015  497.68249145
  443.05103498  413.84089036  440.15072837  471.75892794  447.2751901
  388.59082857  320.37241358  285.48881993  271.50470291  312.67091312
  336.81434272  372.50914414  352.81790224  340.91524838  322.82753199
  202.01034901  127.44782391  125.54378389]"
29,0,36.8790307417734,155,0.1,17448,36.42519613871927,erode__k_factor,0.15907273522364906,data,"[   0.          116.96945845  614.70008348 1230.87586884 1830.72655046
 2427.24302334 2871.88465593 3306.72125138 3824.88979929 4338.35744977
 4670.65106052 4750.44473503 4591.78772009 4284.74053559 4026.24535623
 3793.7238432  3506.46262882 3177.80191703 2860.47160897 2589.80978907
 2440.92078279 2403.87450888 2416.4482356  2384.46923048 2412.60077225
 2464.06438888 2436.26709757 2397.77985664 2315.29283587 2205.03865382
 2073.77273574 2030.99789016 1962.26583913 1940.00296472 1871.43517321
 1817.77251917 1757.6774181  1672.47693553 1575.06519755 1493.89002377
 1415.08857068 1290.32259239 1232.3658911  1181.11957715 1137.98372493
 1104.57094611 1060.08806926 1006.69654845  939.28165     862.17452759
  811.53293306  782.07930115  702.80877103  604.52411015  497.68249145
  443.05103498  413.84089036  440.15072837  471.75892794  447.2751901
  388.59082857  320.37241358  285.48881993  271.50470291  312.67091312
  336.81434272  372.50914414  352.81790224  340.91524838  322.82753199
  202.01034901  127.44782391  125.54378389]"
30,0,36.8790307417734,155,0.1,17448,36.42519613871927,erode__s_crit,0.053189724062463174,data,"[   0.          116.96945845  614.70008348 1230.87586884 1830.72655046
 2427.24302334 2871.88465593 3306.72125138 3824.88979929 4338.35744977
 4670.65106052 4750.44473503 4591.78772009 4284.74053559 4026.24535623
 3793.7238432  3506.46262882 3177.80191703 2860.47160897 2589.80978907
 2440.92078279 2403.87450888 2416.4482356  2384.46923048 2412.60077225
 2464.06438888 2436.26709757 2397.77985664 2315.29283587 2205.03865382
 2073.77273574 2030.99789016 1962.26583913 1940.00296472 1871.43517321
 1817.77251917 1757.6774181  1672.47693553 1575.06519755 1493.89002377
 1415.08857068 1290.32259239 1232.3658911  1181.11957715 1137.98372493
 1104.57094611 1060.08806926 1006.69654845  939.28165     862.17452759
  811.53293306  782.07930115  702.80877103  604.52411015  497.68249145
  443.05103498  413.84089036  440.15072837  471.75892794  447.2751901
  388.59082857  320.37241358  285.48881993  271.50470291  312.67091312
  336.81434272  372.50914414  352.81790224  340.91524838  322.82753199
  202.01034901  127.44782391  125.54378389]"
31,0,36.8790307417734,155,0.1,17448,36.42519613871927,erode__travel_dist,176759.31516411342,data,"[   0.          116.96945845  614.70008348 1230.87586884 1830.72655046
 2427.24302334 2871.88465593 3306.72125138 3824.88979929 4338.35744977
 4670.65106052 4750.44473503 4591.78772009 4284.74053559 4026.24535623
 3793.7238432  3506.46262882 3177.80191703 2860.47160897 2589.80978907
 2440.92078279 2403.87450888 2416.4482356  2384.46923048 2412.60077225
 2464.06438888 2436.26709757 2397.77985664 2315.29283587 2205.03865382
 2073.77273574 2030.99789016 1962.26583913 1940.00296472 1871.43517321
 1817.77251917 1757.6774181  1672.47693553 1575.06519755 1493.89002377
 1415.08857068 1290.32259239 1232.3658911  1181.11957715 1137.98372493
 1104.57094611 1060.08806926 1006.69654845  939.28165     862.17452759
  811.53293306  782.07930115  702.80877103  604.52411015  497.68249145
  443.05103498  413.84089036  440.15072837  471.75892794  447.2751901
  388.59082857  320.37241358  285.48881993  271.50470291  312.67091312
  336.81434272  372.50914414  352.81790224  340.91524838  322.82753199
  202.01034901  127.44782391  125.54378389]"
32,0,36.8790307417734,155,0.1,17449,31.134925158567913,erode__k_depth_scale,76.90204388895144,data,"[4.64301346e-02 1.40627820e+02 6.41571513e+02 1.26083046e+03
 1.86343141e+03 2.46211691e+03 2.90795305e+03 3.34244319e+03
 3.85775384e+03 4.36437582e+03 4.68403748e+03 4.74457348e+03
 4.56522074e+03 4.24378761e+03 3.95571061e+03 3.66616190e+03
 3.31178545e+03 2.95637965e+03 2.64949886e+03 2.39977468e+03
 2.27474493e+03 2.26249688e+03 2.29964739e+03 2.29114894e+03
 2.34142109e+03 2.41262206e+03 2.40115959e+03 2.37580217e+03
 2.30232827e+03 2.19992158e+03 2.07586705e+03 2.04209398e+03
 1.98205109e+03 1.96699238e+03 1.90386142e+03 1.85448805e+03
 1.79731361e+03 1.71425745e+03 1.61839394e+03 1.53835658e+03
 1.46051943e+03 1.33690924e+03 1.27939852e+03 1.22905679e+03
 1.18593255e+03 1.15259840e+03 1.10815887e+03 1.05495188e+03
 9.87552667e+02 9.10423934e+02 8.59780196e+02 8.29895020e+02
 7.52117305e+02 6.53910735e+02 5.47107272e+02 4.91927239e+02
 4.60268716e+02 4.88088982e+02 5.17722794e+02 4.92353821e+02
 4.33374606e+02 3.65142309e+02 3.28592567e+02 3.14358873e+02
 3.56831095e+02 3.78717061e+02 4.11862813e+02 3.90735411e+02
 3.77255844e+02 3.59115973e+02 2.38310596e+02 1.61001609e+02
 1.60599132e+02]"
33,0,36.8790307417734,155,0.1,17449,31.134925158567913,erode__k_factor,0.4460632265397888,data,"[4.64301346e-02 1.40627820e+02 6.41571513e+02 1.26083046e+03
 1.86343141e+03 2.46211691e+03 2.90795305e+03 3.34244319e+03
 3.85775384e+03 4.36437582e+03 4.68403748e+03 4.74457348e+03
 4.56522074e+03 4.24378761e+03 3.95571061e+03 3.66616190e+03
 3.31178545e+03 2.95637965e+03 2.64949886e+03 2.39977468e+03
 2.27474493e+03 2.26249688e+03 2.29964739e+03 2.29114894e+03
 2.34142109e+03 2.41262206e+03 2.40115959e+03 2.37580217e+03
 2.30232827e+03 2.19992158e+03 2.07586705e+03 2.04209398e+03
 1.98205109e+03 1.96699238e+03 1.90386142e+03 1.85448805e+03
 1.79731361e+03 1.71425745e+03 1.61839394e+03 1.53835658e+03
 1.46051943e+03 1.33690924e+03 1.27939852e+03 1.22905679e+03
 1.18593255e+03 1.15259840e+03 1.10815887e+03 1.05495188e+03
 9.87552667e+02 9.10423934e+02 8.59780196e+02 8.29895020e+02
 7.52117305e+02 6.53910735e+02 5.47107272e+02 4.91927239e+02
 4.60268716e+02 4.88088982e+02 5.17722794e+02 4.92353821e+02
 4.33374606e+02 3.65142309e+02 3.28592567e+02 3.14358873e+02
 3.56831095e+02 3.78717061e+02 4.11862813e+02 3.90735411e+02
 3.77255844e+02 3.59115973e+02 2.38310596e+02 1.61001609e+02
 1.60599132e+02]"
34,0,36.8790307417734,155,0.1,17449,31.134925158567913,erode__s_crit,0.04763050779294715,data,"[4.64301346e-02 1.40627820e+02 6.41571513e+02 1.26083046e+03
 1.86343141e+03 2.46211691e+03 2.90795305e+03 3.34244319e+03
 3.85775384e+03 4.36437582e+03 4.68403748e+03 4.74457348e+03
 4.56522074e+03 4.24378761e+03 3.95571061e+03 3.66616190e+03
 3.31178545e+03 2.95637965e+03 2.64949886e+03 2.39977468e+03
 2.27474493e+03 2.26249688e+03 2.29964739e+03 2.29114894e+03
 2.34142109e+03 2.41262206e+03 2.40115959e+03 2.37580217e+03
 2.30232827e+03 2.19992158e+03 2.07586705e+03 2.04209398e+03
 1.98205109e+03 1.96699238e+03 1.90386142e+03 1.85448805e+03
 1.79731361e+03 1.71425745e+03 1.61839394e+03 1.53835658e+03
 1.46051943e+03 1.33690924e+03 1.27939852e+03 1.22905679e+03
 1.18593255e+03 1.15259840e+03 1.10815887e+03 1.05495188e+03
 9.87552667e+02 9.10423934e+02 8.59780196e+02 8.29895020e+02
 7.52117305e+02 6.53910735e+02 5.47107272e+02 4.91927239e+02
 4.60268716e+02 4.88088982e+02 5.17722794e+02 4.92353821e+02
 4.33374606e+02 3.65142309e+02 3.28592567e+02 3.14358873e+02
 3.56831095e+02 3.78717061e+02 4.11862813e+02 3.90735411e+02
 3.77255844e+02 3.59115973e+02 2.38310596e+02 1.61001609e+02
 1.60599132e+02]"
35,0,36.8790307417734,155,0.1,17449,31.134925158567913,erode__travel_dist,188472.4959753648,data,"[4.64301346e-02 1.40627820e+02 6.41571513e+02 1.26083046e+03
 1.86343141e+03 2.46211691e+03 2.90795305e+03 3.34244319e+03
 3.85775384e+03 4.36437582e+03 4.68403748e+03 4.74457348e+03
 4.56522074e+03 4.24378761e+03 3.95571061e+03 3.66616190e+03
 3.31178545e+03 2.95637965e+03 2.64949886e+03 2.39977468e+03
 2.27474493e+03 2.26249688e+03 2.29964739e+03 2.29114894e+03
 2.34142109e+03 2.41262206e+03 2.40115959e+03 2.37580217e+03
 2.30232827e+03 2.19992158e+03 2.07586705e+03 2.04209398e+03
 1.98205109e+03 1.96699238e+03 1.90386142e+03 1.85448805e+03
 1.79731361e+03 1.71425745e+03 1.61839394e+03 1.53835658e+03
 1.46051943e+03 1.33690924e+03 1.27939852e+03 1.22905679e+03
 1.18593255e+03 1.15259840e+03 1.10815887e+03 1.05495188e+03
 9.87552667e+02 9.10423934e+02 8.59780196e+02 8.29895020e+02
 7.52117305e+02 6.53910735e+02 5.47107272e+02 4.91927239e+02
 4.60268716e+02 4.88088982e+02 5.17722794e+02 4.92353821e+02
 4.33374606e+02 3.65142309e+02 3.28592567e+02 3.14358873e+02
 3.56831095e+02 3.78717061e+02 4.11862813e+02 3.90735411e+02
 3.77255844e+02 3.59115973e+02 2.38310596e+02 1.61001609e+02
 1.60599132e+02]"
36,0,36.8790307417734,155,0.1,17450,26.100026012496066,erode__k_depth_scale,93.73451304171869,data,"[0.00000000e+00 6.56227005e-02 4.57602482e+02 1.05240723e+03
 1.62000796e+03 2.16820870e+03 2.54552597e+03 2.89866151e+03
 3.32946881e+03 3.75537187e+03 4.00176317e+03 3.99798102e+03
 3.75937805e+03 3.37924752e+03 3.06136673e+03 2.79657086e+03
 2.53194673e+03 2.31153553e+03 2.16155046e+03 2.07963457e+03
 2.12757913e+03 2.28460489e+03 2.47847612e+03 2.60882654e+03
 2.78099140e+03 2.94764434e+03 2.99625583e+03 3.00173724e+03
 2.92803061e+03 2.81105666e+03 2.67356848e+03 2.64839086e+03
 2.58497628e+03 2.57216983e+03 2.49130539e+03 2.42476010e+03
 2.34560425e+03 2.23083980e+03 2.09883490e+03 1.98760919e+03
 1.87689968e+03 1.70313869e+03 1.61699672e+03 1.54025736e+03
 1.47459196e+03 1.42286150e+03 1.35835360e+03 1.28457647e+03
 1.19340763e+03 1.08916231e+03 1.01887292e+03 9.79064850e+02
 8.79641551e+02 7.58119189e+02 6.15124053e+02 5.20981085e+02
 4.70948179e+02 5.27271448e+02 5.52697087e+02 5.18875824e+02
 4.49106333e+02 3.61025497e+02 2.96860867e+02 2.88510476e+02
 3.20384673e+02 3.40228383e+02 3.73128081e+02 3.49986858e+02
 3.30475987e+02 3.10386772e+02 1.87302380e+02 7.66933364e+01
 1.13641442e+02]"
37,0,36.8790307417734,155,0.1,17450,26.100026012496066,erode__k_factor,0.8332428383308025,data,"[0.00000000e+00 6.56227005e-02 4.57602482e+02 1.05240723e+03
 1.62000796e+03 2.16820870e+03 2.54552597e+03 2.89866151e+03
 3.32946881e+03 3.75537187e+03 4.00176317e+03 3.99798102e+03
 3.75937805e+03 3.37924752e+03 3.06136673e+03 2.79657086e+03
 2.53194673e+03 2.31153553e+03 2.16155046e+03 2.07963457e+03
 2.12757913e+03 2.28460489e+03 2.47847612e+03 2.60882654e+03
 2.78099140e+03 2.94764434e+03 2.99625583e+03 3.00173724e+03
 2.92803061e+03 2.81105666e+03 2.67356848e+03 2.64839086e+03
 2.58497628e+03 2.57216983e+03 2.49130539e+03 2.42476010e+03
 2.34560425e+03 2.23083980e+03 2.09883490e+03 1.98760919e+03
 1.87689968e+03 1.70313869e+03 1.61699672e+03 1.54025736e+03
 1.47459196e+03 1.42286150e+03 1.35835360e+03 1.28457647e+03
 1.19340763e+03 1.08916231e+03 1.01887292e+03 9.79064850e+02
 8.79641551e+02 7.58119189e+02 6.15124053e+02 5.20981085e+02
 4.70948179e+02 5.27271448e+02 5.52697087e+02 5.18875824e+02
 4.49106333e+02 3.61025497e+02 2.96860867e+02 2.88510476e+02
 3.20384673e+02 3.40228383e+02 3.73128081e+02 3.49986858e+02
 3.30475987e+02 3.10386772e+02 1.87302380e+02 7.66933364e+01
 1.13641442e+02]"
38,0,36.8790307417734,155,0.1,17450,26.100026012496066,erode__s_crit,0.014034029024540137,data,"[0.00000000e+00 6.56227005e-02 4.57602482e+02 1.05240723e+03
 1.62000796e+03 2.16820870e+03 2.54552597e+03 2.89866151e+03
 3.32946881e+03 3.75537187e+03 4.00176317e+03 3.99798102e+03
 3.75937805e+03 3.37924752e+03 3.06136673e+03 2.79657086e+03
 2.53194673e+03 2.31153553e+03 2.16155046e+03 2.07963457e+03
 2.12757913e+03 2.28460489e+03 2.47847612e+03 2.60882654e+03
 2.78099140e+03 2.94764434e+03 2.99625583e+03 3.00173724e+03
 2.92803061e+03 2.81105666e+03 2.67356848e+03 2.64839086e+03
 2.58497628e+03 2.57216983e+03 2.49130539e+03 2.42476010e+03
 2.34560425e+03 2.23083980e+03 2.09883490e+03 1.98760919e+03
 1.87689968e+03 1.70313869e+03 1.61699672e+03 1.54025736e+03
 1.47459196e+03 1.42286150e+03 1.35835360e+03 1.28457647e+03
 1.19340763e+03 1.08916231e+03 1.01887292e+03 9.79064850e+02
 8.79641551e+02 7.58119189e+02 6.15124053e+02 5.20981085e+02
 4.70948179e+02 5.27271448e+02 5.52697087e+02 5.18875824e+02
 4.49106333e+02 3.61025497e+02 2.96860867e+02 2.88510476e+02
 3.20384673e+02 3.40228383e+02 3.73128081e+02 3.49986858e+02
 3.30475987e+02 3.10386772e+02 1.87302380e+02 7.66933364e+01
 1.13641442e+02]"
39,0,36.8790307417734,155,0.1,17450,26.100026012496066,erode__travel_dist,127760.66446696703,data,"[0.00000000e+00 6.56227005e-02 4.57602482e+02 1.05240723e+03
 1.62000796e+03 2.16820870e+03 2.54552597e+03 2.89866151e+03
 3.32946881e+03 3.75537187e+03 4.00176317e+03 3.99798102e+03
 3.75937805e+03 3.37924752e+03 3.06136673e+03 2.79657086e+03
 2.53194673e+03 2.31153553e+03 2.16155046e+03 2.07963457e+03
 2.12757913e+03 2.28460489e+03 2.47847612e+03 2.60882654e+03
 2.78099140e+03 2.94764434e+03 2.99625583e+03 3.00173724e+03
 2.92803061e+03 2.81105666e+03 2.67356848e+03 2.64839086e+03
 2.58497628e+03 2.57216983e+03 2.49130539e+03 2.42476010e+03
 2.34560425e+03 2.23083980e+03 2.09883490e+03 1.98760919e+03
 1.87689968e+03 1.70313869e+03 1.61699672e+03 1.54025736e+03
 1.47459196e+03 1.42286150e+03 1.35835360e+03 1.28457647e+03
 1.19340763e+03 1.08916231e+03 1.01887292e+03 9.79064850e+02
 8.79641551e+02 7.58119189e+02 6.15124053e+02 5.20981085e+02
 4.70948179e+02 5.27271448e+02 5.52697087e+02 5.18875824e+02
 4.49106333e+02 3.61025497e+02 2.96860867e+02 2.88510476e+02
 3.20384673e+02 3.40228383e+02 3.73128081e+02 3.49986858e+02
 3.30475987e+02 3.10386772e+02 1.87302380e+02 7.66933364e+01
 1.13641442e+02]"
40,1,25.714801022162835,163,0.14760102953364165,17451,23.22340226517876,erode__k_depth_scale,75.94233639565367,data,"[7.92959331e-04 3.45241671e+00 4.85289923e+02 1.07500088e+03
 1.62726423e+03 2.13256347e+03 2.43265516e+03 2.71440589e+03
 3.09630699e+03 3.50102683e+03 3.76054671e+03 3.80726192e+03
 3.64394588e+03 3.29315323e+03 2.94895890e+03 2.64085912e+03
 2.32748347e+03 2.05272101e+03 1.84228561e+03 1.69475474e+03
 1.67458381e+03 1.76693915e+03 1.90517173e+03 1.99177339e+03
 2.13126578e+03 2.28260879e+03 2.33863395e+03 2.36835501e+03
 2.33587066e+03 2.26769086e+03 2.17258972e+03 2.17161789e+03
 2.13624248e+03 2.14723928e+03 2.10115016e+03 2.06697583e+03
 2.02409277e+03 1.95383831e+03 1.86980172e+03 1.80112479e+03
 1.73446091e+03 1.62033509e+03 1.56952106e+03 1.52439147e+03
 1.48596641e+03 1.45719303e+03 1.41691464e+03 1.36832124e+03
 1.30590646e+03 1.23329538e+03 1.18555346e+03 1.16748811e+03
 1.09261436e+03 9.95032603e+02 8.88475847e+02 8.27309466e+02
 7.84467161e+02 8.26647679e+02 8.51213474e+02 8.23811559e+02
 7.65577244e+02 6.98213109e+02 6.56367422e+02 6.55718175e+02
 6.87917479e+02 6.99297398e+02 7.22502062e+02 6.96206840e+02
 6.75822985e+02 6.57414315e+02 5.36412569e+02 4.31204814e+02
 4.56893578e+02]"
41,1,25.714801022162835,163,0.14760102953364165,17451,23.22340226517876,erode__k_factor,0.6605040405146495,data,"[7.92959331e-04 3.45241671e+00 4.85289923e+02 1.07500088e+03
 1.62726423e+03 2.13256347e+03 2.43265516e+03 2.71440589e+03
 3.09630699e+03 3.50102683e+03 3.76054671e+03 3.80726192e+03
 3.64394588e+03 3.29315323e+03 2.94895890e+03 2.64085912e+03
 2.32748347e+03 2.05272101e+03 1.84228561e+03 1.69475474e+03
 1.67458381e+03 1.76693915e+03 1.90517173e+03 1.99177339e+03
 2.13126578e+03 2.28260879e+03 2.33863395e+03 2.36835501e+03
 2.33587066e+03 2.26769086e+03 2.17258972e+03 2.17161789e+03
 2.13624248e+03 2.14723928e+03 2.10115016e+03 2.06697583e+03
 2.02409277e+03 1.95383831e+03 1.86980172e+03 1.80112479e+03
 1.73446091e+03 1.62033509e+03 1.56952106e+03 1.52439147e+03
 1.48596641e+03 1.45719303e+03 1.41691464e+03 1.36832124e+03
 1.30590646e+03 1.23329538e+03 1.18555346e+03 1.16748811e+03
 1.09261436e+03 9.95032603e+02 8.88475847e+02 8.27309466e+02
 7.84467161e+02 8.26647679e+02 8.51213474e+02 8.23811559e+02
 7.65577244e+02 6.98213109e+02 6.56367422e+02 6.55718175e+02
 6.87917479e+02 6.99297398e+02 7.22502062e+02 6.96206840e+02
 6.75822985e+02 6.57414315e+02 5.36412569e+02 4.31204814e+02
 4.56893578e+02]"
42,1,25.714801022162835,163,0.14760102953364165,17451,23.22340226517876,erode__s_crit,0.029146551891231123,data,"[7.92959331e-04 3.45241671e+00 4.85289923e+02 1.07500088e+03
 1.62726423e+03 2.13256347e+03 2.43265516e+03 2.71440589e+03
 3.09630699e+03 3.50102683e+03 3.76054671e+03 3.80726192e+03
 3.64394588e+03 3.29315323e+03 2.94895890e+03 2.64085912e+03
 2.32748347e+03 2.05272101e+03 1.84228561e+03 1.69475474e+03
 1.67458381e+03 1.76693915e+03 1.90517173e+03 1.99177339e+03
 2.13126578e+03 2.28260879e+03 2.33863395e+03 2.36835501e+03
 2.33587066e+03 2.26769086e+03 2.17258972e+03 2.17161789e+03
 2.13624248e+03 2.14723928e+03 2.10115016e+03 2.06697583e+03
 2.02409277e+03 1.95383831e+03 1.86980172e+03 1.80112479e+03
 1.73446091e+03 1.62033509e+03 1.56952106e+03 1.52439147e+03
 1.48596641e+03 1.45719303e+03 1.41691464e+03 1.36832124e+03
 1.30590646e+03 1.23329538e+03 1.18555346e+03 1.16748811e+03
 1.09261436e+03 9.95032603e+02 8.88475847e+02 8.27309466e+02
 7.84467161e+02 8.26647679e+02 8.51213474e+02 8.23811559e+02
 7.65577244e+02 6.98213109e+02 6.56367422e+02 6.55718175e+02
 6.87917479e+02 6.99297398e+02 7.22502062e+02 6.96206840e+02
 6.75822985e+02 6.57414315e+02 5.36412569e+02 4.31204814e+02
 4.56893578e+02]"
43,1,25.714801022162835,163,0.14760102953364165,17451,23.22340226517876,erode__travel_dist,287568.1424569945,data,"[7.92959331e-04 3.45241671e+00 4.85289923e+02 1.07500088e+03
 1.62726423e+03 2.13256347e+03 2.43265516e+03 2.71440589e+03
 3.09630699e+03 3.50102683e+03 3.76054671e+03 3.80726192e+03
 3.64394588e+03 3.29315323e+03 2.94895890e+03 2.64085912e+03
 2.32748347e+03 2.05272101e+03 1.84228561e+03 1.69475474e+03
 1.67458381e+03 1.76693915e+03 1.90517173e+03 1.99177339e+03
 2.13126578e+03 2.28260879e+03 2.33863395e+03 2.36835501e+03
 2.33587066e+03 2.26769086e+03 2.17258972e+03 2.17161789e+03
 2.13624248e+03 2.14723928e+03 2.10115016e+03 2.06697583e+03
 2.02409277e+03 1.95383831e+03 1.86980172e+03 1.80112479e+03
 1.73446091e+03 1.62033509e+03 1.56952106e+03 1.52439147e+03
 1.48596641e+03 1.45719303e+03 1.41691464e+03 1.36832124e+03
 1.30590646e+03 1.23329538e+03 1.18555346e+03 1.16748811e+03
 1.09261436e+03 9.95032603e+02 8.88475847e+02 8.27309466e+02
 7.84467161e+02 8.26647679e+02 8.51213474e+02 8.23811559e+02
 7.65577244e+02 6.98213109e+02 6.56367422e+02 6.55718175e+02
 6.87917479e+02 6.99297398e+02 7.22502062e+02 6.96206840e+02
 6.75822985e+02 6.57414315e+02 5.36412569e+02 4.31204814e+02
 4.56893578e+02]"
44,1,25.714801022162835,163,0.09139833965089221,17452,22.26049065016216,erode__k_depth_scale,130.11195211854428,data,"[1.52358688e-02 0.00000000e+00 3.88134272e+02 1.00097582e+03
 1.59721096e+03 2.18978343e+03 2.63008504e+03 3.06000730e+03
 3.57249061e+03 4.07923964e+03 4.40324022e+03 4.47200661e+03
 4.29732023e+03 3.96487832e+03 3.66438980e+03 3.37052001e+03
 3.03169870e+03 2.71292925e+03 2.45466219e+03 2.25982654e+03
 2.19365088e+03 2.24069572e+03 2.33366400e+03 2.37493923e+03
 2.46994020e+03 2.57718964e+03 2.58876561e+03 2.57565955e+03
 2.50101174e+03 2.38976180e+03 2.25332303e+03 2.21798985e+03
 2.15191372e+03 2.13696655e+03 2.06800949e+03 2.01315511e+03
 1.95076543e+03 1.86219095e+03 1.76022230e+03 1.67484321e+03
 1.59302638e+03 1.46350110e+03 1.40047637e+03 1.34416653e+03
 1.29587163e+03 1.25771041e+03 1.20874590e+03 1.15147788e+03
 1.08069673e+03 1.00008791e+03 9.45526314e+02 9.12741037e+02
 8.29211947e+02 7.30737251e+02 6.23566575e+02 5.62989040e+02
 5.22419246e+02 5.54009354e+02 5.80039035e+02 5.51777763e+02
 4.90671874e+02 4.20383650e+02 3.78360418e+02 3.64137037e+02
 4.03458406e+02 4.22215794e+02 4.52519207e+02 4.29628640e+02
 4.12661294e+02 3.94335877e+02 2.73463651e+02 1.87487784e+02
 1.93668948e+02]"
45,1,25.714801022162835,163,0.09139833965089221,17452,22.26049065016216,erode__k_factor,0.5113444110120994,data,"[1.52358688e-02 0.00000000e+00 3.88134272e+02 1.00097582e+03
 1.59721096e+03 2.18978343e+03 2.63008504e+03 3.06000730e+03
 3.57249061e+03 4.07923964e+03 4.40324022e+03 4.47200661e+03
 4.29732023e+03 3.96487832e+03 3.66438980e+03 3.37052001e+03
 3.03169870e+03 2.71292925e+03 2.45466219e+03 2.25982654e+03
 2.19365088e+03 2.24069572e+03 2.33366400e+03 2.37493923e+03
 2.46994020e+03 2.57718964e+03 2.58876561e+03 2.57565955e+03
 2.50101174e+03 2.38976180e+03 2.25332303e+03 2.21798985e+03
 2.15191372e+03 2.13696655e+03 2.06800949e+03 2.01315511e+03
 1.95076543e+03 1.86219095e+03 1.76022230e+03 1.67484321e+03
 1.59302638e+03 1.46350110e+03 1.40047637e+03 1.34416653e+03
 1.29587163e+03 1.25771041e+03 1.20874590e+03 1.15147788e+03
 1.08069673e+03 1.00008791e+03 9.45526314e+02 9.12741037e+02
 8.29211947e+02 7.30737251e+02 6.23566575e+02 5.62989040e+02
 5.22419246e+02 5.54009354e+02 5.80039035e+02 5.51777763e+02
 4.90671874e+02 4.20383650e+02 3.78360418e+02 3.64137037e+02
 4.03458406e+02 4.22215794e+02 4.52519207e+02 4.29628640e+02
 4.12661294e+02 3.94335877e+02 2.73463651e+02 1.87487784e+02
 1.93668948e+02]"
46,1,25.714801022162835,163,0.09139833965089221,17452,22.26049065016216,erode__s_crit,0.035553371281533394,data,"[1.52358688e-02 0.00000000e+00 3.88134272e+02 1.00097582e+03
 1.59721096e+03 2.18978343e+03 2.63008504e+03 3.06000730e+03
 3.57249061e+03 4.07923964e+03 4.40324022e+03 4.47200661e+03
 4.29732023e+03 3.96487832e+03 3.66438980e+03 3.37052001e+03
 3.03169870e+03 2.71292925e+03 2.45466219e+03 2.25982654e+03
 2.19365088e+03 2.24069572e+03 2.33366400e+03 2.37493923e+03
 2.46994020e+03 2.57718964e+03 2.58876561e+03 2.57565955e+03
 2.50101174e+03 2.38976180e+03 2.25332303e+03 2.21798985e+03
 2.15191372e+03 2.13696655e+03 2.06800949e+03 2.01315511e+03
 1.95076543e+03 1.86219095e+03 1.76022230e+03 1.67484321e+03
 1.59302638e+03 1.46350110e+03 1.40047637e+03 1.34416653e+03
 1.29587163e+03 1.25771041e+03 1.20874590e+03 1.15147788e+03
 1.08069673e+03 1.00008791e+03 9.45526314e+02 9.12741037e+02
 8.29211947e+02 7.30737251e+02 6.23566575e+02 5.62989040e+02
 5.22419246e+02 5.54009354e+02 5.80039035e+02 5.51777763e+02
 4.90671874e+02 4.20383650e+02 3.78360418e+02 3.64137037e+02
 4.03458406e+02 4.22215794e+02 4.52519207e+02 4.29628640e+02
 4.12661294e+02 3.94335877e+02 2.73463651e+02 1.87487784e+02
 1.93668948e+02]"
47,1,25.714801022162835,163,0.09139833965089221,17452,22.26049065016216,erode__travel_dist,187555.75350327182,data,"[1.52358688e-02 0.00000000e+00 3.88134272e+02 1.00097582e+03
 1.59721096e+03 2.18978343e+03 2.63008504e+03 3.06000730e+03
 3.57249061e+03 4.07923964e+03 4.40324022e+03 4.47200661e+03
 4.29732023e+03 3.96487832e+03 3.66438980e+03 3.37052001e+03
 3.03169870e+03 2.71292925e+03 2.45466219e+03 2.25982654e+03
 2.19365088e+03 2.24069572e+03 2.33366400e+03 2.37493923e+03
 2.46994020e+03 2.57718964e+03 2.58876561e+03 2.57565955e+03
 2.50101174e+03 2.38976180e+03 2.25332303e+03 2.21798985e+03
 2.15191372e+03 2.13696655e+03 2.06800949e+03 2.01315511e+03
 1.95076543e+03 1.86219095e+03 1.76022230e+03 1.67484321e+03
 1.59302638e+03 1.46350110e+03 1.40047637e+03 1.34416653e+03
 1.29587163e+03 1.25771041e+03 1.20874590e+03 1.15147788e+03
 1.08069673e+03 1.00008791e+03 9.45526314e+02 9.12741037e+02
 8.29211947e+02 7.30737251e+02 6.23566575e+02 5.62989040e+02
 5.22419246e+02 5.54009354e+02 5.80039035e+02 5.51777763e+02
 4.90671874e+02 4.20383650e+02 3.78360418e+02 3.64137037e+02
 4.03458406e+02 4.22215794e+02 4.52519207e+02 4.29628640e+02
 4.12661294e+02 3.94335877e+02 2.73463651e+02 1.87487784e+02
 1.93668948e+02]"
48,1,25.714801022162835,163,0.07751836959573878,17453,23.08351304630769,erode__k_depth_scale,111.41985450369647,data,"[3.79827069e-04 3.60898128e+00 5.00241783e+02 1.11482697e+03
 1.71235675e+03 2.30551231e+03 2.74527656e+03 3.17298728e+03
 3.68055303e+03 4.17788222e+03 4.48499504e+03 4.52453966e+03
 4.30201555e+03 3.90438379e+03 3.54400288e+03 3.22542014e+03
 2.90145148e+03 2.61702387e+03 2.39910527e+03 2.24686532e+03
 2.22416589e+03 2.31294776e+03 2.44318186e+03 2.51576563e+03
 2.63649474e+03 2.76047988e+03 2.77622280e+03 2.75622584e+03
 2.66304564e+03 2.52855117e+03 2.37240425e+03 2.32674436e+03
 2.24765393e+03 2.22255587e+03 2.13770871e+03 2.07034502e+03
 1.99704422e+03 1.89646510e+03 1.78184468e+03 1.68728138e+03
 1.59789616e+03 1.45463455e+03 1.38351791e+03 1.32028412e+03
 1.26573877e+03 1.22300632e+03 1.16941576e+03 1.10786340e+03
 1.03229058e+03 9.46267649e+02 8.87619935e+02 8.52882869e+02
 7.65218173e+02 6.61684575e+02 5.51805168e+02 4.85332228e+02
 4.38876949e+02 4.75903947e+02 5.03788597e+02 4.75615573e+02
 4.13705276e+02 3.41843648e+02 2.97282225e+02 2.84196991e+02
 3.18730310e+02 3.41315539e+02 3.75792568e+02 3.54778159e+02
 3.39914142e+02 3.21574887e+02 2.00583838e+02 1.12437189e+02
 1.23417658e+02]"
49,1,25.714801022162835,163,0.07751836959573878,17453,23.08351304630769,erode__k_factor,0.4968929383700814,data,"[3.79827069e-04 3.60898128e+00 5.00241783e+02 1.11482697e+03
 1.71235675e+03 2.30551231e+03 2.74527656e+03 3.17298728e+03
 3.68055303e+03 4.17788222e+03 4.48499504e+03 4.52453966e+03
 4.30201555e+03 3.90438379e+03 3.54400288e+03 3.22542014e+03
 2.90145148e+03 2.61702387e+03 2.39910527e+03 2.24686532e+03
 2.22416589e+03 2.31294776e+03 2.44318186e+03 2.51576563e+03
 2.63649474e+03 2.76047988e+03 2.77622280e+03 2.75622584e+03
 2.66304564e+03 2.52855117e+03 2.37240425e+03 2.32674436e+03
 2.24765393e+03 2.22255587e+03 2.13770871e+03 2.07034502e+03
 1.99704422e+03 1.89646510e+03 1.78184468e+03 1.68728138e+03
 1.59789616e+03 1.45463455e+03 1.38351791e+03 1.32028412e+03
 1.26573877e+03 1.22300632e+03 1.16941576e+03 1.10786340e+03
 1.03229058e+03 9.46267649e+02 8.87619935e+02 8.52882869e+02
 7.65218173e+02 6.61684575e+02 5.51805168e+02 4.85332228e+02
 4.38876949e+02 4.75903947e+02 5.03788597e+02 4.75615573e+02
 4.13705276e+02 3.41843648e+02 2.97282225e+02 2.84196991e+02
 3.18730310e+02 3.41315539e+02 3.75792568e+02 3.54778159e+02
 3.39914142e+02 3.21574887e+02 2.00583838e+02 1.12437189e+02
 1.23417658e+02]"
50,1,25.714801022162835,163,0.07751836959573878,17453,23.08351304630769,erode__s_crit,0.026420023893243452,data,"[3.79827069e-04 3.60898128e+00 5.00241783e+02 1.11482697e+03
 1.71235675e+03 2.30551231e+03 2.74527656e+03 3.17298728e+03
 3.68055303e+03 4.17788222e+03 4.48499504e+03 4.52453966e+03
 4.30201555e+03 3.90438379e+03 3.54400288e+03 3.22542014e+03
 2.90145148e+03 2.61702387e+03 2.39910527e+03 2.24686532e+03
 2.22416589e+03 2.31294776e+03 2.44318186e+03 2.51576563e+03
 2.63649474e+03 2.76047988e+03 2.77622280e+03 2.75622584e+03
 2.66304564e+03 2.52855117e+03 2.37240425e+03 2.32674436e+03
 2.24765393e+03 2.22255587e+03 2.13770871e+03 2.07034502e+03
 1.99704422e+03 1.89646510e+03 1.78184468e+03 1.68728138e+03
 1.59789616e+03 1.45463455e+03 1.38351791e+03 1.32028412e+03
 1.26573877e+03 1.22300632e+03 1.16941576e+03 1.10786340e+03
 1.03229058e+03 9.46267649e+02 8.87619935e+02 8.52882869e+02
 7.65218173e+02 6.61684575e+02 5.51805168e+02 4.85332228e+02
 4.38876949e+02 4.75903947e+02 5.03788597e+02 4.75615573e+02
 4.13705276e+02 3.41843648e+02 2.97282225e+02 2.84196991e+02
 3.18730310e+02 3.41315539e+02 3.75792568e+02 3.54778159e+02
 3.39914142e+02 3.21574887e+02 2.00583838e+02 1.12437189e+02
 1.23417658e+02]"
51,1,25.714801022162835,163,0.07751836959573878,17453,23.08351304630769,erode__travel_dist,157094.09027519933,data,"[3.79827069e-04 3.60898128e+00 5.00241783e+02 1.11482697e+03
 1.71235675e+03 2.30551231e+03 2.74527656e+03 3.17298728e+03
 3.68055303e+03 4.17788222e+03 4.48499504e+03 4.52453966e+03
 4.30201555e+03 3.90438379e+03 3.54400288e+03 3.22542014e+03
 2.90145148e+03 2.61702387e+03 2.39910527e+03 2.24686532e+03
 2.22416589e+03 2.31294776e+03 2.44318186e+03 2.51576563e+03
 2.63649474e+03 2.76047988e+03 2.77622280e+03 2.75622584e+03
 2.66304564e+03 2.52855117e+03 2.37240425e+03 2.32674436e+03
 2.24765393e+03 2.22255587e+03 2.13770871e+03 2.07034502e+03
 1.99704422e+03 1.89646510e+03 1.78184468e+03 1.68728138e+03
 1.59789616e+03 1.45463455e+03 1.38351791e+03 1.32028412e+03
 1.26573877e+03 1.22300632e+03 1.16941576e+03 1.10786340e+03
 1.03229058e+03 9.46267649e+02 8.87619935e+02 8.52882869e+02
 7.65218173e+02 6.61684575e+02 5.51805168e+02 4.85332228e+02
 4.38876949e+02 4.75903947e+02 5.03788597e+02 4.75615573e+02
 4.13705276e+02 3.41843648e+02 2.97282225e+02 2.84196991e+02
 3.18730310e+02 3.41315539e+02 3.75792568e+02 3.54778159e+02
 3.39914142e+02 3.21574887e+02 2.00583838e+02 1.12437189e+02
 1.23417658e+02]"
52,1,25.714801022162835,163,0.07515462536953983,17454,23.878789774408936,erode__k_depth_scale,99.36628862870693,data,"[2.62065552e-04 5.02288183e+01 5.48040402e+02 1.16372750e+03
 1.76218037e+03 2.35592795e+03 2.79568718e+03 3.22235308e+03
 3.72695375e+03 4.21768882e+03 4.51155835e+03 4.52789919e+03
 4.27719366e+03 3.86344761e+03 3.50294053e+03 3.19136222e+03
 2.87635983e+03 2.60168919e+03 2.39415512e+03 2.25277108e+03
 2.24098923e+03 2.33995757e+03 2.47894706e+03 2.55853317e+03
 2.68453197e+03 2.81125740e+03 2.82679800e+03 2.80462806e+03
 2.70784243e+03 2.56974381e+03 2.41099469e+03 2.36409774e+03
 2.28285827e+03 2.25541746e+03 2.16651703e+03 2.09545389e+03
 2.01782665e+03 1.91145476e+03 1.79165672e+03 1.69346324e+03
 1.60052184e+03 1.45168015e+03 1.37754217e+03 1.31157493e+03
 1.25478425e+03 1.21040805e+03 1.15507350e+03 1.09182809e+03
 1.01438322e+03 9.26304396e+02 8.66223847e+02 8.30702944e+02
 7.41882250e+02 6.36782557e+02 5.24956034e+02 4.56128909e+02
 4.08030084e+02 4.47279215e+02 4.76069885e+02 4.48111764e+02
 3.85964869e+02 3.13653333e+02 2.68368801e+02 2.55417084e+02
 2.88339801e+02 3.12725479e+02 3.48962157e+02 3.28856142e+02
 3.15478446e+02 2.97115795e+02 1.76073794e+02 8.80913029e+01
 1.00032836e+02]"
53,1,25.714801022162835,163,0.07515462536953983,17454,23.878789774408936,erode__k_factor,0.5515520180088143,data,"[2.62065552e-04 5.02288183e+01 5.48040402e+02 1.16372750e+03
 1.76218037e+03 2.35592795e+03 2.79568718e+03 3.22235308e+03
 3.72695375e+03 4.21768882e+03 4.51155835e+03 4.52789919e+03
 4.27719366e+03 3.86344761e+03 3.50294053e+03 3.19136222e+03
 2.87635983e+03 2.60168919e+03 2.39415512e+03 2.25277108e+03
 2.24098923e+03 2.33995757e+03 2.47894706e+03 2.55853317e+03
 2.68453197e+03 2.81125740e+03 2.82679800e+03 2.80462806e+03
 2.70784243e+03 2.56974381e+03 2.41099469e+03 2.36409774e+03
 2.28285827e+03 2.25541746e+03 2.16651703e+03 2.09545389e+03
 2.01782665e+03 1.91145476e+03 1.79165672e+03 1.69346324e+03
 1.60052184e+03 1.45168015e+03 1.37754217e+03 1.31157493e+03
 1.25478425e+03 1.21040805e+03 1.15507350e+03 1.09182809e+03
 1.01438322e+03 9.26304396e+02 8.66223847e+02 8.30702944e+02
 7.41882250e+02 6.36782557e+02 5.24956034e+02 4.56128909e+02
 4.08030084e+02 4.47279215e+02 4.76069885e+02 4.48111764e+02
 3.85964869e+02 3.13653333e+02 2.68368801e+02 2.55417084e+02
 2.88339801e+02 3.12725479e+02 3.48962157e+02 3.28856142e+02
 3.15478446e+02 2.97115795e+02 1.76073794e+02 8.80913029e+01
 1.00032836e+02]"
54,1,25.714801022162835,163,0.07515462536953983,17454,23.878789774408936,erode__s_crit,0.02394675734034042,data,"[2.62065552e-04 5.02288183e+01 5.48040402e+02 1.16372750e+03
 1.76218037e+03 2.35592795e+03 2.79568718e+03 3.22235308e+03
 3.72695375e+03 4.21768882e+03 4.51155835e+03 4.52789919e+03
 4.27719366e+03 3.86344761e+03 3.50294053e+03 3.19136222e+03
 2.87635983e+03 2.60168919e+03 2.39415512e+03 2.25277108e+03
 2.24098923e+03 2.33995757e+03 2.47894706e+03 2.55853317e+03
 2.68453197e+03 2.81125740e+03 2.82679800e+03 2.80462806e+03
 2.70784243e+03 2.56974381e+03 2.41099469e+03 2.36409774e+03
 2.28285827e+03 2.25541746e+03 2.16651703e+03 2.09545389e+03
 2.01782665e+03 1.91145476e+03 1.79165672e+03 1.69346324e+03
 1.60052184e+03 1.45168015e+03 1.37754217e+03 1.31157493e+03
 1.25478425e+03 1.21040805e+03 1.15507350e+03 1.09182809e+03
 1.01438322e+03 9.26304396e+02 8.66223847e+02 8.30702944e+02
 7.41882250e+02 6.36782557e+02 5.24956034e+02 4.56128909e+02
 4.08030084e+02 4.47279215e+02 4.76069885e+02 4.48111764e+02
 3.85964869e+02 3.13653333e+02 2.68368801e+02 2.55417084e+02
 2.88339801e+02 3.12725479e+02 3.48962157e+02 3.28856142e+02
 3.15478446e+02 2.97115795e+02 1.76073794e+02 8.80913029e+01
 1.00032836e+02]"
55,1,25.714801022162835,163,0.07515462536953983,17454,23.878789774408936,erode__travel_dist,147050.30290755077,data,"[2.62065552e-04 5.02288183e+01 5.48040402e+02 1.16372750e+03
 1.76218037e+03 2.35592795e+03 2.79568718e+03 3.22235308e+03
 3.72695375e+03 4.21768882e+03 4.51155835e+03 4.52789919e+03
 4.27719366e+03 3.86344761e+03 3.50294053e+03 3.19136222e+03
 2.87635983e+03 2.60168919e+03 2.39415512e+03 2.25277108e+03
 2.24098923e+03 2.33995757e+03 2.47894706e+03 2.55853317e+03
 2.68453197e+03 2.81125740e+03 2.82679800e+03 2.80462806e+03
 2.70784243e+03 2.56974381e+03 2.41099469e+03 2.36409774e+03
 2.28285827e+03 2.25541746e+03 2.16651703e+03 2.09545389e+03
 2.01782665e+03 1.91145476e+03 1.79165672e+03 1.69346324e+03
 1.60052184e+03 1.45168015e+03 1.37754217e+03 1.31157493e+03
 1.25478425e+03 1.21040805e+03 1.15507350e+03 1.09182809e+03
 1.01438322e+03 9.26304396e+02 8.66223847e+02 8.30702944e+02
 7.41882250e+02 6.36782557e+02 5.24956034e+02 4.56128909e+02
 4.08030084e+02 4.47279215e+02 4.76069885e+02 4.48111764e+02
 3.85964869e+02 3.13653333e+02 2.68368801e+02 2.55417084e+02
 2.88339801e+02 3.12725479e+02 3.48962157e+02 3.28856142e+02
 3.15478446e+02 2.97115795e+02 1.76073794e+02 8.80913029e+01
 1.00032836e+02]"
56,1,25.714801022162835,163,0.11739969007175055,17455,13.144552977031646,erode__k_depth_scale,37.45518720881342,data,"[  81.06065498  332.04432722  834.18390125 1453.25517186 2052.7706053
 2641.74123133 3059.37948585 3397.92869498 3759.9831921  4141.90528551
 4375.26025031 4386.30371339 4164.56741348 3760.50572844 3382.17629052
 3043.63669806 2699.73376018 2394.53705178 2154.15825931 1977.35747714
 1928.61022019 1992.71763689 2102.6700718  2160.87187604 2272.42752898
 2396.14368074 2424.51876327 2428.20756835 2371.39957292 2279.82661262
 2164.01167023 2146.27062061 2095.45955118 2092.41580696 2033.71429877
 1987.81757614 1933.3134554  1851.86941218 1756.99871116 1678.14318873
 1602.08946502 1478.08542429 1420.31706215 1368.85168355 1324.93433725
 1290.56805257 1245.01016068 1191.22396537 1123.60928248 1045.97959763
  993.70965583  962.96460138  886.07088044  787.84788402  680.85605724
  620.75935277  579.85621194  615.41236398  641.0167686   613.3881868
  553.47066292  483.84588769  441.46297783  431.78826499  470.51539168
  487.1428834   515.25138006  491.21983538  473.59982917  455.20103706
  334.3481264   242.6936172   254.0933006 ]"
57,1,25.714801022162835,163,0.11739969007175055,17455,13.144552977031646,erode__k_factor,0.07433847546273956,data,"[  81.06065498  332.04432722  834.18390125 1453.25517186 2052.7706053
 2641.74123133 3059.37948585 3397.92869498 3759.9831921  4141.90528551
 4375.26025031 4386.30371339 4164.56741348 3760.50572844 3382.17629052
 3043.63669806 2699.73376018 2394.53705178 2154.15825931 1977.35747714
 1928.61022019 1992.71763689 2102.6700718  2160.87187604 2272.42752898
 2396.14368074 2424.51876327 2428.20756835 2371.39957292 2279.82661262
 2164.01167023 2146.27062061 2095.45955118 2092.41580696 2033.71429877
 1987.81757614 1933.3134554  1851.86941218 1756.99871116 1678.14318873
 1602.08946502 1478.08542429 1420.31706215 1368.85168355 1324.93433725
 1290.56805257 1245.01016068 1191.22396537 1123.60928248 1045.97959763
  993.70965583  962.96460138  886.07088044  787.84788402  680.85605724
  620.75935277  579.85621194  615.41236398  641.0167686   613.3881868
  553.47066292  483.84588769  441.46297783  431.78826499  470.51539168
  487.1428834   515.25138006  491.21983538  473.59982917  455.20103706
  334.3481264   242.6936172   254.0933006 ]"
58,1,25.714801022162835,163,0.11739969007175055,17455,13.144552977031646,erode__s_crit,0.03278939247484521,data,"[  81.06065498  332.04432722  834.18390125 1453.25517186 2052.7706053
 2641.74123133 3059.37948585 3397.92869498 3759.9831921  4141.90528551
 4375.26025031 4386.30371339 4164.56741348 3760.50572844 3382.17629052
 3043.63669806 2699.73376018 2394.53705178 2154.15825931 1977.35747714
 1928.61022019 1992.71763689 2102.6700718  2160.87187604 2272.42752898
 2396.14368074 2424.51876327 2428.20756835 2371.39957292 2279.82661262
 2164.01167023 2146.27062061 2095.45955118 2092.41580696 2033.71429877
 1987.81757614 1933.3134554  1851.86941218 1756.99871116 1678.14318873
 1602.08946502 1478.08542429 1420.31706215 1368.85168355 1324.93433725
 1290.56805257 1245.01016068 1191.22396537 1123.60928248 1045.97959763
  993.70965583  962.96460138  886.07088044  787.84788402  680.85605724
  620.75935277  579.85621194  615.41236398  641.0167686   613.3881868
  553.47066292  483.84588769  441.46297783  431.78826499  470.51539168
  487.1428834   515.25138006  491.21983538  473.59982917  455.20103706
  334.3481264   242.6936172   254.0933006 ]"
59,1,25.714801022162835,163,0.11739969007175055,17455,13.144552977031646,erode__travel_dist,212981.4663498599,data,"[  81.06065498  332.04432722  834.18390125 1453.25517186 2052.7706053
 2641.74123133 3059.37948585 3397.92869498 3759.9831921  4141.90528551
 4375.26025031 4386.30371339 4164.56741348 3760.50572844 3382.17629052
 3043.63669806 2699.73376018 2394.53705178 2154.15825931 1977.35747714
 1928.61022019 1992.71763689 2102.6700718  2160.87187604 2272.42752898
 2396.14368074 2424.51876327 2428.20756835 2371.39957292 2279.82661262
 2164.01167023 2146.27062061 2095.45955118 2092.41580696 2033.71429877
 1987.81757614 1933.3134554  1851.86941218 1756.99871116 1678.14318873
 1602.08946502 1478.08542429 1420.31706215 1368.85168355 1324.93433725
 1290.56805257 1245.01016068 1191.22396537 1123.60928248 1045.97959763
  993.70965583  962.96460138  886.07088044  787.84788402  680.85605724
  620.75935277  579.85621194  615.41236398  641.0167686   613.3881868
  553.47066292  483.84588769  441.46297783  431.78826499  470.51539168
  487.1428834   515.25138006  491.21983538  473.59982917  455.20103706
  334.3481264   242.6936172   254.0933006 ]"
60,1,25.714801022162835,163,0.10800941773359692,17456,15.701747233787883,erode__k_depth_scale,45.02303064486334,data,"[4.53043322e-02 2.17914121e+02 7.20933793e+02 1.34181567e+03
 1.94506237e+03 2.54243632e+03 2.98274400e+03 3.40156840e+03
 3.87250836e+03 4.27170688e+03 4.49988794e+03 4.50272018e+03
 4.26987460e+03 3.85699178e+03 3.47254120e+03 3.12832766e+03
 2.77874548e+03 2.46792133e+03 2.22203185e+03 2.03985469e+03
 1.98584877e+03 2.04476225e+03 2.14954870e+03 2.20261238e+03
 2.30912067e+03 2.42786117e+03 2.45128505e+03 2.45017501e+03
 2.38856602e+03 2.29185235e+03 2.17033766e+03 2.14786593e+03
 2.09368584e+03 2.08816016e+03 2.02751687e+03 1.97915615e+03
 1.92273598e+03 1.83971179e+03 1.74332725e+03 1.66292605e+03
 1.58578450e+03 1.46074589e+03 1.40174696e+03 1.34962462e+03
 1.30462054e+03 1.27002303e+03 1.22389768e+03 1.16959916e+03
 1.10110282e+03 1.02252210e+03 9.69959510e+02 9.38593121e+02
 8.59870170e+02 7.61571159e+02 6.54549740e+02 5.94701561e+02
 5.54271482e+02 5.88758226e+02 6.15051002e+02 5.87336945e+02
 5.27045389e+02 4.57252092e+02 4.15378381e+02 4.04453160e+02
 4.44014098e+02 4.61373478e+02 4.90308943e+02 4.66721861e+02
 4.49664593e+02 4.31286108e+02 3.10424777e+02 2.20903217e+02
 2.30444575e+02]"
61,1,25.714801022162835,163,0.10800941773359692,17456,15.701747233787883,erode__k_factor,0.863640587669622,data,"[4.53043322e-02 2.17914121e+02 7.20933793e+02 1.34181567e+03
 1.94506237e+03 2.54243632e+03 2.98274400e+03 3.40156840e+03
 3.87250836e+03 4.27170688e+03 4.49988794e+03 4.50272018e+03
 4.26987460e+03 3.85699178e+03 3.47254120e+03 3.12832766e+03
 2.77874548e+03 2.46792133e+03 2.22203185e+03 2.03985469e+03
 1.98584877e+03 2.04476225e+03 2.14954870e+03 2.20261238e+03
 2.30912067e+03 2.42786117e+03 2.45128505e+03 2.45017501e+03
 2.38856602e+03 2.29185235e+03 2.17033766e+03 2.14786593e+03
 2.09368584e+03 2.08816016e+03 2.02751687e+03 1.97915615e+03
 1.92273598e+03 1.83971179e+03 1.74332725e+03 1.66292605e+03
 1.58578450e+03 1.46074589e+03 1.40174696e+03 1.34962462e+03
 1.30462054e+03 1.27002303e+03 1.22389768e+03 1.16959916e+03
 1.10110282e+03 1.02252210e+03 9.69959510e+02 9.38593121e+02
 8.59870170e+02 7.61571159e+02 6.54549740e+02 5.94701561e+02
 5.54271482e+02 5.88758226e+02 6.15051002e+02 5.87336945e+02
 5.27045389e+02 4.57252092e+02 4.15378381e+02 4.04453160e+02
 4.44014098e+02 4.61373478e+02 4.90308943e+02 4.66721861e+02
 4.49664593e+02 4.31286108e+02 3.10424777e+02 2.20903217e+02
 2.30444575e+02]"
62,1,25.714801022162835,163,0.10800941773359692,17456,15.701747233787883,erode__s_crit,0.033564720581272744,data,"[4.53043322e-02 2.17914121e+02 7.20933793e+02 1.34181567e+03
 1.94506237e+03 2.54243632e+03 2.98274400e+03 3.40156840e+03
 3.87250836e+03 4.27170688e+03 4.49988794e+03 4.50272018e+03
 4.26987460e+03 3.85699178e+03 3.47254120e+03 3.12832766e+03
 2.77874548e+03 2.46792133e+03 2.22203185e+03 2.03985469e+03
 1.98584877e+03 2.04476225e+03 2.14954870e+03 2.20261238e+03
 2.30912067e+03 2.42786117e+03 2.45128505e+03 2.45017501e+03
 2.38856602e+03 2.29185235e+03 2.17033766e+03 2.14786593e+03
 2.09368584e+03 2.08816016e+03 2.02751687e+03 1.97915615e+03
 1.92273598e+03 1.83971179e+03 1.74332725e+03 1.66292605e+03
 1.58578450e+03 1.46074589e+03 1.40174696e+03 1.34962462e+03
 1.30462054e+03 1.27002303e+03 1.22389768e+03 1.16959916e+03
 1.10110282e+03 1.02252210e+03 9.69959510e+02 9.38593121e+02
 8.59870170e+02 7.61571159e+02 6.54549740e+02 5.94701561e+02
 5.54271482e+02 5.88758226e+02 6.15051002e+02 5.87336945e+02
 5.27045389e+02 4.57252092e+02 4.15378381e+02 4.04453160e+02
 4.44014098e+02 4.61373478e+02 4.90308943e+02 4.66721861e+02
 4.49664593e+02 4.31286108e+02 3.10424777e+02 2.20903217e+02
 2.30444575e+02]"
63,1,25.714801022162835,163,0.10800941773359692,17456,15.701747233787883,erode__travel_dist,204496.46663824332,data,"[4.53043322e-02 2.17914121e+02 7.20933793e+02 1.34181567e+03
 1.94506237e+03 2.54243632e+03 2.98274400e+03 3.40156840e+03
 3.87250836e+03 4.27170688e+03 4.49988794e+03 4.50272018e+03
 4.26987460e+03 3.85699178e+03 3.47254120e+03 3.12832766e+03
 2.77874548e+03 2.46792133e+03 2.22203185e+03 2.03985469e+03
 1.98584877e+03 2.04476225e+03 2.14954870e+03 2.20261238e+03
 2.30912067e+03 2.42786117e+03 2.45128505e+03 2.45017501e+03
 2.38856602e+03 2.29185235e+03 2.17033766e+03 2.14786593e+03
 2.09368584e+03 2.08816016e+03 2.02751687e+03 1.97915615e+03
 1.92273598e+03 1.83971179e+03 1.74332725e+03 1.66292605e+03
 1.58578450e+03 1.46074589e+03 1.40174696e+03 1.34962462e+03
 1.30462054e+03 1.27002303e+03 1.22389768e+03 1.16959916e+03
 1.10110282e+03 1.02252210e+03 9.69959510e+02 9.38593121e+02
 8.59870170e+02 7.61571159e+02 6.54549740e+02 5.94701561e+02
 5.54271482e+02 5.88758226e+02 6.15051002e+02 5.87336945e+02
 5.27045389e+02 4.57252092e+02 4.15378381e+02 4.04453160e+02
 4.44014098e+02 4.61373478e+02 4.90308943e+02 4.66721861e+02
 4.49664593e+02 4.31286108e+02 3.10424777e+02 2.20903217e+02
 2.30444575e+02]"
64,1,25.714801022162835,163,0.12289737528481011,17457,9.272991313079018,erode__k_depth_scale,35.59563266791233,data,"[   0.          257.64500711  758.29842262 1374.70611118 1968.7216133
 2543.78522724 2915.06276284 3195.1338295  3560.70725889 3932.02409378
 4133.62246858 4093.22263954 3823.11794993 3412.56352936 3062.3329298
 2762.70244203 2459.35438866 2194.54773729 1994.59273216 1858.83822489
 1851.80651058 1956.63748368 2104.32174355 2196.23640764 2338.13200469
 2486.63544163 2531.84609664 2545.7681946  2491.36285988 2396.98353383
 2277.35132721 2261.62552896 2210.42974153 2209.40846846 2148.23526534
 2101.47904468 2046.95331158 1963.77635564 1865.54768687 1785.39876308
 1708.68276592 1579.00176119 1518.10315839 1463.57565016 1416.74893987
 1380.978202   1333.38921476 1277.69337172 1207.9886344  1127.21675969
 1072.01114119 1040.40845422  959.9133616   861.47868466  753.70800612
  685.81469346  638.86749108  681.52015307  706.03788098  676.70188054
  615.09753724  543.0485492   495.08797529  488.13360459  524.20303265
  537.8516326   563.75312487  538.14818144  516.83651836  498.08079677
  376.84319347  272.21400745  296.67602587]"
65,1,25.714801022162835,163,0.12289737528481011,17457,9.272991313079018,erode__k_factor,0.5474615662643828,data,"[   0.          257.64500711  758.29842262 1374.70611118 1968.7216133
 2543.78522724 2915.06276284 3195.1338295  3560.70725889 3932.02409378
 4133.62246858 4093.22263954 3823.11794993 3412.56352936 3062.3329298
 2762.70244203 2459.35438866 2194.54773729 1994.59273216 1858.83822489
 1851.80651058 1956.63748368 2104.32174355 2196.23640764 2338.13200469
 2486.63544163 2531.84609664 2545.7681946  2491.36285988 2396.98353383
 2277.35132721 2261.62552896 2210.42974153 2209.40846846 2148.23526534
 2101.47904468 2046.95331158 1963.77635564 1865.54768687 1785.39876308
 1708.68276592 1579.00176119 1518.10315839 1463.57565016 1416.74893987
 1380.978202   1333.38921476 1277.69337172 1207.9886344  1127.21675969
 1072.01114119 1040.40845422  959.9133616   861.47868466  753.70800612
  685.81469346  638.86749108  681.52015307  706.03788098  676.70188054
  615.09753724  543.0485492   495.08797529  488.13360459  524.20303265
  537.8516326   563.75312487  538.14818144  516.83651836  498.08079677
  376.84319347  272.21400745  296.67602587]"
66,1,25.714801022162835,163,0.12289737528481011,17457,9.272991313079018,erode__s_crit,0.025399063814190697,data,"[   0.          257.64500711  758.29842262 1374.70611118 1968.7216133
 2543.78522724 2915.06276284 3195.1338295  3560.70725889 3932.02409378
 4133.62246858 4093.22263954 3823.11794993 3412.56352936 3062.3329298
 2762.70244203 2459.35438866 2194.54773729 1994.59273216 1858.83822489
 1851.80651058 1956.63748368 2104.32174355 2196.23640764 2338.13200469
 2486.63544163 2531.84609664 2545.7681946  2491.36285988 2396.98353383
 2277.35132721 2261.62552896 2210.42974153 2209.40846846 2148.23526534
 2101.47904468 2046.95331158 1963.77635564 1865.54768687 1785.39876308
 1708.68276592 1579.00176119 1518.10315839 1463.57565016 1416.74893987
 1380.978202   1333.38921476 1277.69337172 1207.9886344  1127.21675969
 1072.01114119 1040.40845422  959.9133616   861.47868466  753.70800612
  685.81469346  638.86749108  681.52015307  706.03788098  676.70188054
  615.09753724  543.0485492   495.08797529  488.13360459  524.20303265
  537.8516326   563.75312487  538.14818144  516.83651836  498.08079677
  376.84319347  272.21400745  296.67602587]"
67,1,25.714801022162835,163,0.12289737528481011,17457,9.272991313079018,erode__travel_dist,216135.69366571135,data,"[   0.          257.64500711  758.29842262 1374.70611118 1968.7216133
 2543.78522724 2915.06276284 3195.1338295  3560.70725889 3932.02409378
 4133.62246858 4093.22263954 3823.11794993 3412.56352936 3062.3329298
 2762.70244203 2459.35438866 2194.54773729 1994.59273216 1858.83822489
 1851.80651058 1956.63748368 2104.32174355 2196.23640764 2338.13200469
 2486.63544163 2531.84609664 2545.7681946  2491.36285988 2396.98353383
 2277.35132721 2261.62552896 2210.42974153 2209.40846846 2148.23526534
 2101.47904468 2046.95331158 1963.77635564 1865.54768687 1785.39876308
 1708.68276592 1579.00176119 1518.10315839 1463.57565016 1416.74893987
 1380.978202   1333.38921476 1277.69337172 1207.9886344  1127.21675969
 1072.01114119 1040.40845422  959.9133616   861.47868466  753.70800612
  685.81469346  638.86749108  681.52015307  706.03788098  676.70188054
  615.09753724  543.0485492   495.08797529  488.13360459  524.20303265
  537.8516326   563.75312487  538.14818144  516.83651836  498.08079677
  376.84319347  272.21400745  296.67602587]"
68,1,25.714801022162835,163,0.08093582578030764,17458,19.274067302975677,erode__k_depth_scale,112.7842959681719,data,"[2.12042194e-02 4.04206606e-02 4.12818971e+02 1.02142727e+03
 1.61190356e+03 2.19663272e+03 2.62619314e+03 3.04105815e+03
 3.53242656e+03 4.01104448e+03 4.30302655e+03 4.34950697e+03
 4.18324921e+03 3.88864459e+03 3.61922551e+03 3.34038338e+03
 2.99892754e+03 2.66523558e+03 2.38636752e+03 2.16779769e+03
 2.07558966e+03 2.09682605e+03 2.16723880e+03 2.19113430e+03
 2.27281878e+03 2.37368829e+03 2.38939817e+03 2.38801237e+03
 2.33393162e+03 2.25156038e+03 2.14591298e+03 2.12992797e+03
 2.08329092e+03 2.08040923e+03 2.02431985e+03 1.97962481e+03
 1.92693371e+03 1.84770653e+03 1.75553665e+03 1.67869739e+03
 1.60447351e+03 1.48398483e+03 1.42755200e+03 1.37749912e+03
 1.33474701e+03 1.30164532e+03 1.25750738e+03 1.20484021e+03
 1.13845142e+03 1.06223982e+03 1.01118055e+03 9.82200028e+02
 9.06978963e+02 8.09021841e+02 7.02385352e+02 6.45528129e+02
 6.08999591e+02 6.40118587e+02 6.64958363e+02 6.37584768e+02
 5.77751551e+02 5.08825809e+02 4.69187560e+02 4.59741510e+02
 4.97449357e+02 5.13525008e+02 5.40863981e+02 5.16524744e+02
 4.98871837e+02 4.80684775e+02 3.59887252e+02 2.74213225e+02
 2.78782012e+02]"
69,1,25.714801022162835,163,0.08093582578030764,17458,19.274067302975677,erode__k_factor,0.4978698756044536,data,"[2.12042194e-02 4.04206606e-02 4.12818971e+02 1.02142727e+03
 1.61190356e+03 2.19663272e+03 2.62619314e+03 3.04105815e+03
 3.53242656e+03 4.01104448e+03 4.30302655e+03 4.34950697e+03
 4.18324921e+03 3.88864459e+03 3.61922551e+03 3.34038338e+03
 2.99892754e+03 2.66523558e+03 2.38636752e+03 2.16779769e+03
 2.07558966e+03 2.09682605e+03 2.16723880e+03 2.19113430e+03
 2.27281878e+03 2.37368829e+03 2.38939817e+03 2.38801237e+03
 2.33393162e+03 2.25156038e+03 2.14591298e+03 2.12992797e+03
 2.08329092e+03 2.08040923e+03 2.02431985e+03 1.97962481e+03
 1.92693371e+03 1.84770653e+03 1.75553665e+03 1.67869739e+03
 1.60447351e+03 1.48398483e+03 1.42755200e+03 1.37749912e+03
 1.33474701e+03 1.30164532e+03 1.25750738e+03 1.20484021e+03
 1.13845142e+03 1.06223982e+03 1.01118055e+03 9.82200028e+02
 9.06978963e+02 8.09021841e+02 7.02385352e+02 6.45528129e+02
 6.08999591e+02 6.40118587e+02 6.64958363e+02 6.37584768e+02
 5.77751551e+02 5.08825809e+02 4.69187560e+02 4.59741510e+02
 4.97449357e+02 5.13525008e+02 5.40863981e+02 5.16524744e+02
 4.98871837e+02 4.80684775e+02 3.59887252e+02 2.74213225e+02
 2.78782012e+02]"
70,1,25.714801022162835,163,0.08093582578030764,17458,19.274067302975677,erode__s_crit,0.041724547639481996,data,"[2.12042194e-02 4.04206606e-02 4.12818971e+02 1.02142727e+03
 1.61190356e+03 2.19663272e+03 2.62619314e+03 3.04105815e+03
 3.53242656e+03 4.01104448e+03 4.30302655e+03 4.34950697e+03
 4.18324921e+03 3.88864459e+03 3.61922551e+03 3.34038338e+03
 2.99892754e+03 2.66523558e+03 2.38636752e+03 2.16779769e+03
 2.07558966e+03 2.09682605e+03 2.16723880e+03 2.19113430e+03
 2.27281878e+03 2.37368829e+03 2.38939817e+03 2.38801237e+03
 2.33393162e+03 2.25156038e+03 2.14591298e+03 2.12992797e+03
 2.08329092e+03 2.08040923e+03 2.02431985e+03 1.97962481e+03
 1.92693371e+03 1.84770653e+03 1.75553665e+03 1.67869739e+03
 1.60447351e+03 1.48398483e+03 1.42755200e+03 1.37749912e+03
 1.33474701e+03 1.30164532e+03 1.25750738e+03 1.20484021e+03
 1.13845142e+03 1.06223982e+03 1.01118055e+03 9.82200028e+02
 9.06978963e+02 8.09021841e+02 7.02385352e+02 6.45528129e+02
 6.08999591e+02 6.40118587e+02 6.64958363e+02 6.37584768e+02
 5.77751551e+02 5.08825809e+02 4.69187560e+02 4.59741510e+02
 4.97449357e+02 5.13525008e+02 5.40863981e+02 5.16524744e+02
 4.98871837e+02 4.80684775e+02 3.59887252e+02 2.74213225e+02
 2.78782012e+02]"
71,1,25.714801022162835,163,0.08093582578030764,17458,19.274067302975677,erode__travel_dist,224992.44790587458,data,"[2.12042194e-02 4.04206606e-02 4.12818971e+02 1.02142727e+03
 1.61190356e+03 2.19663272e+03 2.62619314e+03 3.04105815e+03
 3.53242656e+03 4.01104448e+03 4.30302655e+03 4.34950697e+03
 4.18324921e+03 3.88864459e+03 3.61922551e+03 3.34038338e+03
 2.99892754e+03 2.66523558e+03 2.38636752e+03 2.16779769e+03
 2.07558966e+03 2.09682605e+03 2.16723880e+03 2.19113430e+03
 2.27281878e+03 2.37368829e+03 2.38939817e+03 2.38801237e+03
 2.33393162e+03 2.25156038e+03 2.14591298e+03 2.12992797e+03
 2.08329092e+03 2.08040923e+03 2.02431985e+03 1.97962481e+03
 1.92693371e+03 1.84770653e+03 1.75553665e+03 1.67869739e+03
 1.60447351e+03 1.48398483e+03 1.42755200e+03 1.37749912e+03
 1.33474701e+03 1.30164532e+03 1.25750738e+03 1.20484021e+03
 1.13845142e+03 1.06223982e+03 1.01118055e+03 9.82200028e+02
 9.06978963e+02 8.09021841e+02 7.02385352e+02 6.45528129e+02
 6.08999591e+02 6.40118587e+02 6.64958363e+02 6.37584768e+02
 5.77751551e+02 5.08825809e+02 4.69187560e+02 4.59741510e+02
 4.97449357e+02 5.13525008e+02 5.40863981e+02 5.16524744e+02
 4.98871837e+02 4.80684775e+02 3.59887252e+02 2.74213225e+02
 2.78782012e+02]"
72,1,25.714801022162835,163,0.08900406411970514,17459,14.745921724268628,erode__k_depth_scale,85.028359277471,data,"[4.04836005e-04 2.63428258e+01 5.16684653e+02 1.12153449e+03
 1.70361439e+03 2.27108427e+03 2.66579731e+03 3.01422549e+03
 3.40943505e+03 3.79177798e+03 4.00123384e+03 3.96887375e+03
 3.70736749e+03 3.30561971e+03 2.96404168e+03 2.67290413e+03
 2.37788851e+03 2.12119887e+03 1.92914916e+03 1.80110654e+03
 1.80161340e+03 1.91386144e+03 2.06887276e+03 2.16799928e+03
 2.31689612e+03 2.47220094e+03 2.52405966e+03 2.54436866e+03
 2.49610478e+03 2.40729438e+03 2.29235268e+03 2.28086418e+03
 2.23382976e+03 2.23692819e+03 2.17956028e+03 2.13610478e+03
 2.08437582e+03 2.00397901e+03 1.90848873e+03 1.83038098e+03
 1.75591045e+03 1.62865698e+03 1.56945986e+03 1.51645524e+03
 1.47081202e+03 1.43612036e+03 1.39007164e+03 1.33589391e+03
 1.26758927e+03 1.18791518e+03 1.13388213e+03 1.10350835e+03
 1.02463652e+03 9.26404611e+02 8.18587357e+02 7.48777545e+02
 7.01217358e+02 7.45768570e+02 7.69778638e+02 7.40283056e+02
 6.79076497e+02 6.06802181e+02 5.58298366e+02 5.53452963e+02
 5.87205212e+02 5.98892621e+02 6.23090953e+02 5.96360039e+02
 5.72984764e+02 5.54077633e+02 4.32645128e+02 3.23594082e+02
 3.53131058e+02]"
73,1,25.714801022162835,163,0.08900406411970514,17459,14.745921724268628,erode__k_factor,0.5157812218947742,data,"[4.04836005e-04 2.63428258e+01 5.16684653e+02 1.12153449e+03
 1.70361439e+03 2.27108427e+03 2.66579731e+03 3.01422549e+03
 3.40943505e+03 3.79177798e+03 4.00123384e+03 3.96887375e+03
 3.70736749e+03 3.30561971e+03 2.96404168e+03 2.67290413e+03
 2.37788851e+03 2.12119887e+03 1.92914916e+03 1.80110654e+03
 1.80161340e+03 1.91386144e+03 2.06887276e+03 2.16799928e+03
 2.31689612e+03 2.47220094e+03 2.52405966e+03 2.54436866e+03
 2.49610478e+03 2.40729438e+03 2.29235268e+03 2.28086418e+03
 2.23382976e+03 2.23692819e+03 2.17956028e+03 2.13610478e+03
 2.08437582e+03 2.00397901e+03 1.90848873e+03 1.83038098e+03
 1.75591045e+03 1.62865698e+03 1.56945986e+03 1.51645524e+03
 1.47081202e+03 1.43612036e+03 1.39007164e+03 1.33589391e+03
 1.26758927e+03 1.18791518e+03 1.13388213e+03 1.10350835e+03
 1.02463652e+03 9.26404611e+02 8.18587357e+02 7.48777545e+02
 7.01217358e+02 7.45768570e+02 7.69778638e+02 7.40283056e+02
 6.79076497e+02 6.06802181e+02 5.58298366e+02 5.53452963e+02
 5.87205212e+02 5.98892621e+02 6.23090953e+02 5.96360039e+02
 5.72984764e+02 5.54077633e+02 4.32645128e+02 3.23594082e+02
 3.53131058e+02]"
74,1,25.714801022162835,163,0.08900406411970514,17459,14.745921724268628,erode__s_crit,0.02445836514475113,data,"[4.04836005e-04 2.63428258e+01 5.16684653e+02 1.12153449e+03
 1.70361439e+03 2.27108427e+03 2.66579731e+03 3.01422549e+03
 3.40943505e+03 3.79177798e+03 4.00123384e+03 3.96887375e+03
 3.70736749e+03 3.30561971e+03 2.96404168e+03 2.67290413e+03
 2.37788851e+03 2.12119887e+03 1.92914916e+03 1.80110654e+03
 1.80161340e+03 1.91386144e+03 2.06887276e+03 2.16799928e+03
 2.31689612e+03 2.47220094e+03 2.52405966e+03 2.54436866e+03
 2.49610478e+03 2.40729438e+03 2.29235268e+03 2.28086418e+03
 2.23382976e+03 2.23692819e+03 2.17956028e+03 2.13610478e+03
 2.08437582e+03 2.00397901e+03 1.90848873e+03 1.83038098e+03
 1.75591045e+03 1.62865698e+03 1.56945986e+03 1.51645524e+03
 1.47081202e+03 1.43612036e+03 1.39007164e+03 1.33589391e+03
 1.26758927e+03 1.18791518e+03 1.13388213e+03 1.10350835e+03
 1.02463652e+03 9.26404611e+02 8.18587357e+02 7.48777545e+02
 7.01217358e+02 7.45768570e+02 7.69778638e+02 7.40283056e+02
 6.79076497e+02 6.06802181e+02 5.58298366e+02 5.53452963e+02
 5.87205212e+02 5.98892621e+02 6.23090953e+02 5.96360039e+02
 5.72984764e+02 5.54077633e+02 4.32645128e+02 3.23594082e+02
 3.53131058e+02]"
75,1,25.714801022162835,163,0.08900406411970514,17459,14.745921724268628,erode__travel_dist,232541.20843740238,data,"[4.04836005e-04 2.63428258e+01 5.16684653e+02 1.12153449e+03
 1.70361439e+03 2.27108427e+03 2.66579731e+03 3.01422549e+03
 3.40943505e+03 3.79177798e+03 4.00123384e+03 3.96887375e+03
 3.70736749e+03 3.30561971e+03 2.96404168e+03 2.67290413e+03
 2.37788851e+03 2.12119887e+03 1.92914916e+03 1.80110654e+03
 1.80161340e+03 1.91386144e+03 2.06887276e+03 2.16799928e+03
 2.31689612e+03 2.47220094e+03 2.52405966e+03 2.54436866e+03
 2.49610478e+03 2.40729438e+03 2.29235268e+03 2.28086418e+03
 2.23382976e+03 2.23692819e+03 2.17956028e+03 2.13610478e+03
 2.08437582e+03 2.00397901e+03 1.90848873e+03 1.83038098e+03
 1.75591045e+03 1.62865698e+03 1.56945986e+03 1.51645524e+03
 1.47081202e+03 1.43612036e+03 1.39007164e+03 1.33589391e+03
 1.26758927e+03 1.18791518e+03 1.13388213e+03 1.10350835e+03
 1.02463652e+03 9.26404611e+02 8.18587357e+02 7.48777545e+02
 7.01217358e+02 7.45768570e+02 7.69778638e+02 7.40283056e+02
 6.79076497e+02 6.06802181e+02 5.58298366e+02 5.53452963e+02
 5.87205212e+02 5.98892621e+02 6.23090953e+02 5.96360039e+02
 5.72984764e+02 5.54077633e+02 4.32645128e+02 3.23594082e+02
 3.53131058e+02]"
76,1,25.714801022162835,163,0.09008126286001726,17460,24.091959156849867,erode__k_depth_scale,82.76910533682425,data,"[   0.          162.06671015  657.39120241 1269.45019709 1862.54146849
 2448.03378397 2874.29133176 3276.53474326 3730.91629186 4107.63660342
 4274.16498741 4257.19309722 4076.09689297 3797.87131567 3568.92629545
 3380.5477511  3190.19277759 2998.00063128 2779.23925048 2540.11798364
 2381.79375206 2318.48330513 2299.79153295 2237.3405663  2234.31911582
 2266.32438966 2245.05719075 2234.51172938 2183.19697943 2105.08054791
 2010.41669449 1997.1861798  1957.18367753 1956.61662206 1906.27574147
 1866.18553855 1816.3412283  1741.15145089 1653.52712058 1581.34067144
 1509.61725921 1394.62209394 1342.17188666 1296.36802267 1257.70493461
 1227.81884788 1186.34444644 1136.27903229 1072.50825223  999.34587296
  950.80333806  927.11607081  852.11721163  754.39118283  648.03103109
  594.78906662  567.30923844  593.39268303  620.81844182  594.78432134
  536.45977665  469.40481918  434.07270034  425.17176354  465.38085834
  483.40266431  512.33971284  489.25195843  473.88399808  455.8886155
  335.12356862  260.32784277  255.09067844]"
77,1,25.714801022162835,163,0.09008126286001726,17460,24.091959156849867,erode__k_factor,0.14630156551188353,data,"[   0.          162.06671015  657.39120241 1269.45019709 1862.54146849
 2448.03378397 2874.29133176 3276.53474326 3730.91629186 4107.63660342
 4274.16498741 4257.19309722 4076.09689297 3797.87131567 3568.92629545
 3380.5477511  3190.19277759 2998.00063128 2779.23925048 2540.11798364
 2381.79375206 2318.48330513 2299.79153295 2237.3405663  2234.31911582
 2266.32438966 2245.05719075 2234.51172938 2183.19697943 2105.08054791
 2010.41669449 1997.1861798  1957.18367753 1956.61662206 1906.27574147
 1866.18553855 1816.3412283  1741.15145089 1653.52712058 1581.34067144
 1509.61725921 1394.62209394 1342.17188666 1296.36802267 1257.70493461
 1227.81884788 1186.34444644 1136.27903229 1072.50825223  999.34587296
  950.80333806  927.11607081  852.11721163  754.39118283  648.03103109
  594.78906662  567.30923844  593.39268303  620.81844182  594.78432134
  536.45977665  469.40481918  434.07270034  425.17176354  465.38085834
  483.40266431  512.33971284  489.25195843  473.88399808  455.8886155
  335.12356862  260.32784277  255.09067844]"
78,1,25.714801022162835,163,0.09008126286001726,17460,24.091959156849867,erode__s_crit,0.0716665277085595,data,"[   0.          162.06671015  657.39120241 1269.45019709 1862.54146849
 2448.03378397 2874.29133176 3276.53474326 3730.91629186 4107.63660342
 4274.16498741 4257.19309722 4076.09689297 3797.87131567 3568.92629545
 3380.5477511  3190.19277759 2998.00063128 2779.23925048 2540.11798364
 2381.79375206 2318.48330513 2299.79153295 2237.3405663  2234.31911582
 2266.32438966 2245.05719075 2234.51172938 2183.19697943 2105.08054791
 2010.41669449 1997.1861798  1957.18367753 1956.61662206 1906.27574147
 1866.18553855 1816.3412283  1741.15145089 1653.52712058 1581.34067144
 1509.61725921 1394.62209394 1342.17188666 1296.36802267 1257.70493461
 1227.81884788 1186.34444644 1136.27903229 1072.50825223  999.34587296
  950.80333806  927.11607081  852.11721163  754.39118283  648.03103109
  594.78906662  567.30923844  593.39268303  620.81844182  594.78432134
  536.45977665  469.40481918  434.07270034  425.17176354  465.38085834
  483.40266431  512.33971284  489.25195843  473.88399808  455.8886155
  335.12356862  260.32784277  255.09067844]"
79,1,25.714801022162835,163,0.09008126286001726,17460,24.091959156849867,erode__travel_dist,229760.17620467502,data,"[   0.          162.06671015  657.39120241 1269.45019709 1862.54146849
 2448.03378397 2874.29133176 3276.53474326 3730.91629186 4107.63660342
 4274.16498741 4257.19309722 4076.09689297 3797.87131567 3568.92629545
 3380.5477511  3190.19277759 2998.00063128 2779.23925048 2540.11798364
 2381.79375206 2318.48330513 2299.79153295 2237.3405663  2234.31911582
 2266.32438966 2245.05719075 2234.51172938 2183.19697943 2105.08054791
 2010.41669449 1997.1861798  1957.18367753 1956.61662206 1906.27574147
 1866.18553855 1816.3412283  1741.15145089 1653.52712058 1581.34067144
 1509.61725921 1394.62209394 1342.17188666 1296.36802267 1257.70493461
 1227.81884788 1186.34444644 1136.27903229 1072.50825223  999.34587296
  950.80333806  927.11607081  852.11721163  754.39118283  648.03103109
  594.78906662  567.30923844  593.39268303  620.81844182  594.78432134
  536.45977665  469.40481918  434.07270034  425.17176354  465.38085834
  483.40266431  512.33971284  489.25195843  473.88399808  455.8886155
  335.12356862  260.32784277  255.09067844]"
